/datasets/dense/SeeingThroughFogCompressedExtracted/cam_stereo_left_lut/2019-01-09_10-07-47_00200.png,reject
/datasets/dense/SeeingThroughFogCompressedExtracted/cam_stereo_left_lut/2018-02-07_18-25-17_00210.png,accept
/datasets/dense/SeeingThroughFogCompressedExtracted/cam_stereo_left_lut/2019-05-02_17-47-55_01860.png,reject
/datasets/dense/SeeingThroughFogCompressedExtracted/cam_stereo_left_lut/2018-02-04_11-24-52_00100.png,reject
/datasets/dense/SeeingThroughFogCompressedExtracted/cam_stereo_left_lut/2018-10-08_08-10-40_02000.png,reject
/datasets/dense/SeeingThroughFogCompressedExtracted/cam_stereo_left_lut/2018-02-06_13-34-24_00200.png,reject
/datasets/dense/SeeingThroughFogCompressedExtracted/cam_stereo_left_lut/2018-02-06_14-33-00_00000.png,reject
/datasets/dense/SeeingThroughFogCompressedExtracted/cam_stereo_left_lut/2018-12-20_15-26-55_07000.png,reject
/datasets/dense/SeeingThroughFogCompressedExtracted/cam_stereo_left_lut/2019-01-09_09-55-38_00600.png,accept
/datasets/dense/SeeingThroughFogCompressedExtracted/cam_stereo_left_lut/2018-02-04_11-19-03_00300.png,reject
/datasets/dense/SeeingThroughFogCompressedExtracted/cam_stereo_left_lut/2018-02-06_13-08-20_00200.png,reject
/datasets/dense/SeeingThroughFogCompressedExtracted/cam_stereo_left_lut/2018-02-06_13-01-35_00000.png,reject
/datasets/dense/SeeingThroughFogCompressedExtracted/cam_stereo_left_lut/2019-05-02_20-23-59_00030.png,reject
/datasets/dense/SeeingThroughFogCompressedExtracted/cam_stereo_left_lut/2018-12-20_14-44-46_00900.png,accept
/datasets/dense/SeeingThroughFogCompressedExtracted/cam_stereo_left_lut/2018-02-07_18-39-52_00700.png,reject
/datasets/dense/SeeingThroughFogCompressedExtracted/cam_stereo_left_lut/2018-02-06_14-25-04_00300.png,accept
/datasets/dense/SeeingThroughFogCompressedExtracted/cam_stereo_left_lut/2019-05-02_20-17-41_03120.png,reject
/datasets/dense/SeeingThroughFogCompressedExtracted/cam_stereo_left_lut/2018-02-08_17-47-02_00400.png,accept
/datasets/dense/SeeingThroughFogCompressedExtracted/cam_stereo_left_lut/2018-12-20_15-46-51_00200.png,reject
/datasets/dense/SeeingThroughFogCompressedExtracted/cam_stereo_left_lut/2018-12-20_16-04-42_00000.png,accept
/datasets/dense/SeeingThroughFogCompressedExtracted/cam_stereo_left_lut/2018-10-29_16-12-02_00500.png,reject
/datasets/dense/SeeingThroughFogCompressedExtracted/cam_stereo_left_lut/2018-02-06_15-47-06_00000.png,reject
/datasets/dense/SeeingThroughFogCompressedExtracted/cam_stereo_left_lut/2019-01-09_10-15-59_00100.png,accept
/datasets/dense/SeeingThroughFogCompressedExtracted/cam_stereo_left_lut/2018-10-29_15-46-53_01500.png,reject
/datasets/dense/SeeingThroughFogCompressedExtracted/cam_stereo_left_lut/2019-01-09_08-23-49_01000.png,accept
/datasets/dense/SeeingThroughFogCompressedExtracted/cam_stereo_left_lut/2018-02-04_11-14-31_00400.png,reject
/datasets/dense/SeeingThroughFogCompressedExtracted/cam_stereo_left_lut/2018-02-06_14-25-51_00000.png,reject
/datasets/dense/SeeingThroughFogCompressedExtracted/cam_stereo_left_lut/2018-02-06_14-12-52_01000.png,reject
/datasets/dense/SeeingThroughFogCompressedExtracted/cam_stereo_left_lut/2018-10-08_08-37-47_04900.png,accept
/datasets/dense/SeeingThroughFogCompressedExtracted/cam_stereo_left_lut/2018-12-20_15-19-07_01300.png,reject
/datasets/dense/SeeingThroughFogCompressedExtracted/cam_stereo_left_lut/2019-01-09_10-18-26_01600.png,accept
/datasets/dense/SeeingThroughFogCompressedExtracted/cam_stereo_left_lut/2018-12-18_11-41-53_00500.png,accept
/datasets/dense/SeeingThroughFogCompressedExtracted/cam_stereo_left_lut/2018-02-07_18-39-52_00670.png,accept
/datasets/dense/SeeingThroughFogCompressedExtracted/cam_stereo_left_lut/2018-02-07_18-39-52_00710.png,accept
/datasets/dense/SeeingThroughFogCompressedExtracted/cam_stereo_left_lut/2018-02-03_21-38-49_00200.png,reject
/datasets/dense/SeeingThroughFogCompressedExtracted/cam_stereo_left_lut/2019-05-02_20-17-41_03210.png,reject
/datasets/dense/SeeingThroughFogCompressedExtracted/cam_stereo_left_lut/2018-02-06_13-12-54_00300.png,reject
/datasets/dense/SeeingThroughFogCompressedExtracted/cam_stereo_left_lut/2018-12-20_15-26-45_00000.png,reject
/datasets/dense/SeeingThroughFogCompressedExtracted/cam_stereo_left_lut/2018-02-06_13-57-09_00300.png,reject
/datasets/dense/SeeingThroughFogCompressedExtracted/cam_stereo_left_lut/2018-02-06_12-51-58_00100.png,reject
/datasets/dense/SeeingThroughFogCompressedExtracted/cam_stereo_left_lut/2018-02-06_14-23-56_00300.png,reject
/datasets/dense/SeeingThroughFogCompressedExtracted/cam_stereo_left_lut/2018-12-20_17-15-28_00600.png,reject
/datasets/dense/SeeingThroughFogCompressedExtracted/cam_stereo_left_lut/2018-02-06_13-55-10_00000.png,reject
/datasets/dense/SeeingThroughFogCompressedExtracted/cam_stereo_left_lut/2018-12-20_15-26-55_05100.png,reject
/datasets/dense/SeeingThroughFogCompressedExtracted/cam_stereo_left_lut/2019-05-02_17-47-55_00240.png,reject
/datasets/dense/SeeingThroughFogCompressedExtracted/cam_stereo_left_lut/2018-02-03_21-04-07_00200.png,reject
/datasets/dense/SeeingThroughFogCompressedExtracted/cam_stereo_left_lut/2018-02-06_13-57-09_00100.png,accept
/datasets/dense/SeeingThroughFogCompressedExtracted/cam_stereo_left_lut/2018-02-06_13-53-35_00400.png,reject
/datasets/dense/SeeingThroughFogCompressedExtracted/cam_stereo_left_lut/2018-02-08_18-05-07_00300.png,reject
/datasets/dense/SeeingThroughFogCompressedExtracted/cam_stereo_left_lut/2018-12-20_14-29-47_02200.png,reject
/datasets/dense/SeeingThroughFogCompressedExtracted/cam_stereo_left_lut/2018-02-06_12-59-05_00000.png,reject
/datasets/dense/SeeingThroughFogCompressedExtracted/cam_stereo_left_lut/2018-02-06_13-12-54_00500.png,reject
/datasets/dense/SeeingThroughFogCompressedExtracted/cam_stereo_left_lut/2018-10-29_14-50-14_03200.png,reject
/datasets/dense/SeeingThroughFogCompressedExtracted/cam_stereo_left_lut/2018-02-07_12-06-44_00440.png,accept
/datasets/dense/SeeingThroughFogCompressedExtracted/cam_stereo_left_lut/2018-02-03_21-53-53_00300.png,reject
/datasets/dense/SeeingThroughFogCompressedExtracted/cam_stereo_left_lut/2018-02-03_21-50-04_00100.png,reject
/datasets/dense/SeeingThroughFogCompressedExtracted/cam_stereo_left_lut/2018-12-21_16-53-42_03000.png,reject
/datasets/dense/SeeingThroughFogCompressedExtracted/cam_stereo_left_lut/2018-12-20_15-19-07_00500.png,reject
/datasets/dense/SeeingThroughFogCompressedExtracted/cam_stereo_left_lut/2019-05-02_20-17-41_00540.png,reject
/datasets/dense/SeeingThroughFogCompressedExtracted/cam_stereo_left_lut/2018-12-20_14-37-23_01100.png,reject
/datasets/dense/SeeingThroughFogCompressedExtracted/cam_stereo_left_lut/2018-02-08_17-47-02_00360.png,reject
/datasets/dense/SeeingThroughFogCompressedExtracted/cam_stereo_left_lut/2018-10-29_16-12-02_00100.png,reject
/datasets/dense/SeeingThroughFogCompressedExtracted/cam_stereo_left_lut/2018-10-08_08-37-47_07100.png,reject
/datasets/dense/SeeingThroughFogCompressedExtracted/cam_stereo_left_lut/2018-02-07_18-39-52_00720.png,reject
/datasets/dense/SeeingThroughFogCompressedExtracted/cam_stereo_left_lut/2018-10-29_14-50-14_03500.png,reject
/datasets/dense/SeeingThroughFogCompressedExtracted/cam_stereo_left_lut/2018-02-06_13-51-25_00300.png,reject
/datasets/dense/SeeingThroughFogCompressedExtracted/cam_stereo_left_lut/2019-05-02_17-47-55_02160.png,reject
/datasets/dense/SeeingThroughFogCompressedExtracted/cam_stereo_left_lut/2018-10-29_16-12-02_01270.png,accept
/datasets/dense/SeeingThroughFogCompressedExtracted/cam_stereo_left_lut/2018-10-29_16-18-47_03100.png,accept
/datasets/dense/SeeingThroughFogCompressedExtracted/cam_stereo_left_lut/2018-10-29_15-42-40_00800.png,accept
/datasets/dense/SeeingThroughFogCompressedExtracted/cam_stereo_left_lut/2018-02-07_18-24-27_00100.png,accept
/datasets/dense/SeeingThroughFogCompressedExtracted/cam_stereo_left_lut/2018-02-06_15-53-33_00900.png,reject
/datasets/dense/SeeingThroughFogCompressedExtracted/cam_stereo_left_lut/2018-12-20_15-39-16_00700.png,reject
/datasets/dense/SeeingThroughFogCompressedExtracted/cam_stereo_left_lut/2018-12-20_15-57-42_00000.png,reject
/datasets/dense/SeeingThroughFogCompressedExtracted/cam_stereo_left_lut/2018-12-20_15-26-55_00400.png,reject
/datasets/dense/SeeingThroughFogCompressedExtracted/cam_stereo_left_lut/2018-10-29_16-18-47_00300.png,reject
/datasets/dense/SeeingThroughFogCompressedExtracted/cam_stereo_left_lut/2018-10-29_16-18-47_01100.png,reject
/datasets/dense/SeeingThroughFogCompressedExtracted/cam_stereo_left_lut/2019-05-02_20-17-41_01950.png,reject
/datasets/dense/SeeingThroughFogCompressedExtracted/cam_stereo_left_lut/2018-10-08_08-50-46_00800.png,reject
/datasets/dense/SeeingThroughFogCompressedExtracted/cam_stereo_left_lut/2019-01-09_10-18-26_00800.png,accept
/datasets/dense/SeeingThroughFogCompressedExtracted/cam_stereo_left_lut/2018-02-06_12-49-55_00400.png,accept
/datasets/dense/SeeingThroughFogCompressedExtracted/cam_stereo_left_lut/2018-02-08_17-47-02_00350.png,reject
/datasets/dense/SeeingThroughFogCompressedExtracted/cam_stereo_left_lut/2018-12-20_15-04-24_02600.png,reject
/datasets/dense/SeeingThroughFogCompressedExtracted/cam_stereo_left_lut/2018-10-29_16-12-02_00450.png,reject
/datasets/dense/SeeingThroughFogCompressedExtracted/cam_stereo_left_lut/2018-12-20_14-41-07_00400.png,accept
/datasets/dense/SeeingThroughFogCompressedExtracted/cam_stereo_left_lut/2019-01-09_10-01-04_01200.png,reject
/datasets/dense/SeeingThroughFogCompressedExtracted/cam_stereo_left_lut/2018-10-08_08-50-46_00000.png,reject
/datasets/dense/SeeingThroughFogCompressedExtracted/cam_stereo_left_lut/2018-02-06_13-36-26_00600.png,reject
/datasets/dense/SeeingThroughFogCompressedExtracted/cam_stereo_left_lut/2018-12-20_14-29-47_01100.png,reject
/datasets/dense/SeeingThroughFogCompressedExtracted/cam_stereo_left_lut/2018-02-11_15-37-17_00700.png,reject
/datasets/dense/SeeingThroughFogCompressedExtracted/cam_stereo_left_lut/2018-02-08_18-05-07_00230.png,reject
/datasets/dense/SeeingThroughFogCompressedExtracted/cam_stereo_left_lut/2018-10-08_08-27-03_01000.png,accept
/datasets/dense/SeeingThroughFogCompressedExtracted/cam_stereo_left_lut/2018-10-08_08-37-47_05400.png,accept
/datasets/dense/SeeingThroughFogCompressedExtracted/cam_stereo_left_lut/2018-10-29_16-18-47_02500.png,accept
/datasets/dense/SeeingThroughFogCompressedExtracted/cam_stereo_left_lut/2018-02-06_13-51-25_00400.png,reject
/datasets/dense/SeeingThroughFogCompressedExtracted/cam_stereo_left_lut/2018-02-06_13-47-28_00100.png,reject
/datasets/dense/SeeingThroughFogCompressedExtracted/cam_stereo_left_lut/2018-02-03_21-52-30_00400.png,reject
/datasets/dense/SeeingThroughFogCompressedExtracted/cam_stereo_left_lut/2018-02-06_13-57-09_00200.png,reject
/datasets/dense/SeeingThroughFogCompressedExtracted/cam_stereo_left_lut/2018-10-29_14-50-14_03700.png,reject
/datasets/dense/SeeingThroughFogCompressedExtracted/cam_stereo_left_lut/2018-12-12_15-12-37_02100.png,accept
/datasets/dense/SeeingThroughFogCompressedExtracted/cam_stereo_left_lut/2018-12-21_10-44-13_00300.png,accept
/datasets/dense/SeeingThroughFogCompressedExtracted/cam_stereo_left_lut/2019-05-02_17-47-55_00270.png,reject
/datasets/dense/SeeingThroughFogCompressedExtracted/cam_stereo_left_lut/2018-12-20_15-26-55_06800.png,reject
/datasets/dense/SeeingThroughFogCompressedExtracted/cam_stereo_left_lut/2018-02-08_17-45-07_00070.png,reject
/datasets/dense/SeeingThroughFogCompressedExtracted/cam_stereo_left_lut/2019-01-09_08-18-30_00100.png,accept
/datasets/dense/SeeingThroughFogCompressedExtracted/cam_stereo_left_lut/2018-12-12_15-12-37_02300.png,accept
/datasets/dense/SeeingThroughFogCompressedExtracted/cam_stereo_left_lut/2018-10-29_15-02-37_00300.png,reject
/datasets/dense/SeeingThroughFogCompressedExtracted/cam_stereo_left_lut/2018-10-08_08-10-40_01720.png,accept
/datasets/dense/SeeingThroughFogCompressedExtracted/cam_stereo_left_lut/2018-12-18_11-41-53_00100.png,accept
/datasets/dense/SeeingThroughFogCompressedExtracted/cam_stereo_left_lut/2018-12-20_15-26-55_01200.png,reject
/datasets/dense/SeeingThroughFogCompressedExtracted/cam_stereo_left_lut/2018-10-29_14-58-28_00100.png,reject
/datasets/dense/SeeingThroughFogCompressedExtracted/cam_stereo_left_lut/2018-10-29_15-46-53_00000.png,accept
/datasets/dense/SeeingThroughFogCompressedExtracted/cam_stereo_left_lut/2019-01-09_10-18-26_01400.png,accept
/datasets/dense/SeeingThroughFogCompressedExtracted/cam_stereo_left_lut/2018-02-06_13-36-26_01000.png,reject
/datasets/dense/SeeingThroughFogCompressedExtracted/cam_stereo_left_lut/2018-02-04_11-26-31_00200.png,reject
/datasets/dense/SeeingThroughFogCompressedExtracted/cam_stereo_left_lut/2018-02-04_11-16-41_00200.png,reject
/datasets/dense/SeeingThroughFogCompressedExtracted/cam_stereo_left_lut/2018-10-29_14-50-14_03300.png,reject
/datasets/dense/SeeingThroughFogCompressedExtracted/cam_stereo_left_lut/2018-10-29_16-12-02_00800.png,accept
/datasets/dense/SeeingThroughFogCompressedExtracted/cam_stereo_left_lut/2018-12-20_14-41-07_01700.png,accept
/datasets/dense/SeeingThroughFogCompressedExtracted/cam_stereo_left_lut/2018-10-08_08-10-40_01600.png,accept
/datasets/dense/SeeingThroughFogCompressedExtracted/cam_stereo_left_lut/2018-02-11_15-23-41_00300.png,accept
/datasets/dense/SeeingThroughFogCompressedExtracted/cam_stereo_left_lut/2018-12-20_14-41-07_00000.png,reject
/datasets/dense/SeeingThroughFogCompressedExtracted/cam_stereo_left_lut/2018-12-20_15-26-55_02500.png,reject
/datasets/dense/SeeingThroughFogCompressedExtracted/cam_stereo_left_lut/2018-02-06_14-20-09_00100.png,reject
/datasets/dense/SeeingThroughFogCompressedExtracted/cam_stereo_left_lut/2018-10-29_16-12-02_00600.png,reject
/datasets/dense/SeeingThroughFogCompressedExtracted/cam_stereo_left_lut/2018-02-03_21-41-51_00400.png,reject
/datasets/dense/SeeingThroughFogCompressedExtracted/cam_stereo_left_lut/2019-05-02_17-47-55_01890.png,reject
/datasets/dense/SeeingThroughFogCompressedExtracted/cam_stereo_left_lut/2018-10-29_16-12-02_00550.png,reject
/datasets/dense/SeeingThroughFogCompressedExtracted/cam_stereo_left_lut/2018-02-06_12-59-56_00100.png,reject
/datasets/dense/SeeingThroughFogCompressedExtracted/cam_stereo_left_lut/2018-02-06_14-12-52_00400.png,reject
/datasets/dense/SeeingThroughFogCompressedExtracted/cam_stereo_left_lut/2018-12-20_15-41-06_00400.png,reject
/datasets/dense/SeeingThroughFogCompressedExtracted/cam_stereo_left_lut/2018-02-03_21-48-53_00100.png,reject
/datasets/dense/SeeingThroughFogCompressedExtracted/cam_stereo_left_lut/2018-02-03_21-48-53_00000.png,reject
/datasets/dense/SeeingThroughFogCompressedExtracted/cam_stereo_left_lut/2018-02-06_15-58-05_00500.png,reject
/datasets/dense/SeeingThroughFogCompressedExtracted/cam_stereo_left_lut/2019-01-09_10-04-06_00500.png,accept
/datasets/dense/SeeingThroughFogCompressedExtracted/cam_stereo_left_lut/2018-02-06_15-53-33_00600.png,reject
/datasets/dense/SeeingThroughFogCompressedExtracted/cam_stereo_left_lut/2018-02-07_18-32-08_00000.png,reject
/datasets/dense/SeeingThroughFogCompressedExtracted/cam_stereo_left_lut/2019-01-09_08-18-30_00000.png,reject
/datasets/dense/SeeingThroughFogCompressedExtracted/cam_stereo_left_lut/2018-12-21_10-52-52_02300.png,accept
/datasets/dense/SeeingThroughFogCompressedExtracted/cam_stereo_left_lut/2018-02-06_13-43-34_00000.png,reject
/datasets/dense/SeeingThroughFogCompressedExtracted/cam_stereo_left_lut/2018-02-04_12-20-52_00300.png,reject
/datasets/dense/SeeingThroughFogCompressedExtracted/cam_stereo_left_lut/2018-12-21_17-08-15_00500.png,accept
/datasets/dense/SeeingThroughFogCompressedExtracted/cam_stereo_left_lut/2018-02-07_18-20-02_00110.png,accept
/datasets/dense/SeeingThroughFogCompressedExtracted/cam_stereo_left_lut/2018-02-07_18-36-00_00200.png,accept
/datasets/dense/SeeingThroughFogCompressedExtracted/cam_stereo_left_lut/2018-10-08_08-10-40_02030.png,reject
/datasets/dense/SeeingThroughFogCompressedExtracted/cam_stereo_left_lut/2018-10-08_08-37-47_04700.png,accept
/datasets/dense/SeeingThroughFogCompressedExtracted/cam_stereo_left_lut/2018-12-20_15-41-06_00500.png,accept
/datasets/dense/SeeingThroughFogCompressedExtracted/cam_stereo_left_lut/2019-01-09_09-55-38_00700.png,accept
/datasets/dense/SeeingThroughFogCompressedExtracted/cam_stereo_left_lut/2018-10-29_15-46-53_00400.png,accept
/datasets/dense/SeeingThroughFogCompressedExtracted/cam_stereo_left_lut/2018-12-20_15-41-06_00000.png,reject
/datasets/dense/SeeingThroughFogCompressedExtracted/cam_stereo_left_lut/2019-05-02_20-23-59_00270.png,reject
/datasets/dense/SeeingThroughFogCompressedExtracted/cam_stereo_left_lut/2018-10-08_08-10-40_02100.png,accept
/datasets/dense/SeeingThroughFogCompressedExtracted/cam_stereo_left_lut/2019-05-02_20-17-41_03090.png,reject
/datasets/dense/SeeingThroughFogCompressedExtracted/cam_stereo_left_lut/2018-10-29_16-18-47_03700.png,accept
/datasets/dense/SeeingThroughFogCompressedExtracted/cam_stereo_left_lut/2018-10-29_16-32-57_00000.png,reject
/datasets/dense/SeeingThroughFogCompressedExtracted/cam_stereo_left_lut/2018-02-03_21-26-58_00100.png,reject
/datasets/dense/SeeingThroughFogCompressedExtracted/cam_stereo_left_lut/2018-12-20_15-46-51_00700.png,reject
/datasets/dense/SeeingThroughFogCompressedExtracted/cam_stereo_left_lut/2019-05-02_17-47-55_01290.png,reject
/datasets/dense/SeeingThroughFogCompressedExtracted/cam_stereo_left_lut/2019-01-09_10-01-04_01100.png,reject
/datasets/dense/SeeingThroughFogCompressedExtracted/cam_stereo_left_lut/2018-12-20_15-39-16_00800.png,reject
/datasets/dense/SeeingThroughFogCompressedExtracted/cam_stereo_left_lut/2018-02-06_13-12-54_00900.png,reject
/datasets/dense/SeeingThroughFogCompressedExtracted/cam_stereo_left_lut/2018-02-08_17-45-07_00060.png,accept
/datasets/dense/SeeingThroughFogCompressedExtracted/cam_stereo_left_lut/2018-02-08_17-40-11_00200.png,reject
/datasets/dense/SeeingThroughFogCompressedExtracted/cam_stereo_left_lut/2018-02-11_15-28-44_00600.png,accept
/datasets/dense/SeeingThroughFogCompressedExtracted/cam_stereo_left_lut/2018-02-03_21-52-30_00000.png,reject
/datasets/dense/SeeingThroughFogCompressedExtracted/cam_stereo_left_lut/2018-12-20_14-44-46_01200.png,reject
/datasets/dense/SeeingThroughFogCompressedExtracted/cam_stereo_left_lut/2018-02-06_12-53-35_00000.png,reject
/datasets/dense/SeeingThroughFogCompressedExtracted/cam_stereo_left_lut/2018-02-07_18-21-20_00060.png,accept
/datasets/dense/SeeingThroughFogCompressedExtracted/cam_stereo_left_lut/2018-02-04_11-24-52_00000.png,reject
/datasets/dense/SeeingThroughFogCompressedExtracted/cam_stereo_left_lut/2018-12-20_16-04-42_00200.png,reject
/datasets/dense/SeeingThroughFogCompressedExtracted/cam_stereo_left_lut/2018-02-04_11-13-43_00200.png,reject
/datasets/dense/SeeingThroughFogCompressedExtracted/cam_stereo_left_lut/2019-05-02_20-23-59_00810.png,reject
/datasets/dense/SeeingThroughFogCompressedExtracted/cam_stereo_left_lut/2018-10-29_16-12-02_00350.png,reject
/datasets/dense/SeeingThroughFogCompressedExtracted/cam_stereo_left_lut/2019-05-02_20-17-41_02040.png,reject
/datasets/dense/SeeingThroughFogCompressedExtracted/cam_stereo_left_lut/2018-02-04_12-40-30_00790.png,reject
/datasets/dense/SeeingThroughFogCompressedExtracted/cam_stereo_left_lut/2018-12-20_15-26-55_06100.png,reject
/datasets/dense/SeeingThroughFogCompressedExtracted/cam_stereo_left_lut/2019-01-09_10-15-59_00000.png,accept
/datasets/dense/SeeingThroughFogCompressedExtracted/cam_stereo_left_lut/2018-10-08_08-37-47_00000.png,accept
/datasets/dense/SeeingThroughFogCompressedExtracted/cam_stereo_left_lut/2019-05-02_20-17-41_03000.png,reject
/datasets/dense/SeeingThroughFogCompressedExtracted/cam_stereo_left_lut/2018-02-06_13-55-10_00300.png,reject
/datasets/dense/SeeingThroughFogCompressedExtracted/cam_stereo_left_lut/2018-12-20_15-26-55_06000.png,reject
/datasets/dense/SeeingThroughFogCompressedExtracted/cam_stereo_left_lut/2018-02-06_13-48-11_00500.png,accept
/datasets/dense/SeeingThroughFogCompressedExtracted/cam_stereo_left_lut/2018-10-29_16-18-47_03200.png,accept
/datasets/dense/SeeingThroughFogCompressedExtracted/cam_stereo_left_lut/2018-10-08_08-10-40_00760.png,accept
/datasets/dense/SeeingThroughFogCompressedExtracted/cam_stereo_left_lut/2018-02-08_17-45-07_00050.png,accept
/datasets/dense/SeeingThroughFogCompressedExtracted/cam_stereo_left_lut/2018-10-08_08-37-47_05500.png,accept
/datasets/dense/SeeingThroughFogCompressedExtracted/cam_stereo_left_lut/2018-12-20_15-39-16_00600.png,reject
/datasets/dense/SeeingThroughFogCompressedExtracted/cam_stereo_left_lut/2018-10-29_16-18-47_00000.png,accept
/datasets/dense/SeeingThroughFogCompressedExtracted/cam_stereo_left_lut/2019-01-09_09-55-38_00300.png,accept
/datasets/dense/SeeingThroughFogCompressedExtracted/cam_stereo_left_lut/2019-01-09_10-13-43_00000.png,accept
/datasets/dense/SeeingThroughFogCompressedExtracted/cam_stereo_left_lut/2018-10-29_16-18-47_01700.png,accept
/datasets/dense/SeeingThroughFogCompressedExtracted/cam_stereo_left_lut/2018-12-19_10-03-38_00300.png,accept
/datasets/dense/SeeingThroughFogCompressedExtracted/cam_stereo_left_lut/2018-02-03_21-53-53_00000.png,reject
/datasets/dense/SeeingThroughFogCompressedExtracted/cam_stereo_left_lut/2018-12-20_16-04-42_00500.png,reject
/datasets/dense/SeeingThroughFogCompressedExtracted/cam_stereo_left_lut/2018-12-21_17-01-47_01600.png,reject
/datasets/dense/SeeingThroughFogCompressedExtracted/cam_stereo_left_lut/2018-02-06_15-53-33_00500.png,reject
/datasets/dense/SeeingThroughFogCompressedExtracted/cam_stereo_left_lut/2019-01-09_10-07-47_00700.png,reject
/datasets/dense/SeeingThroughFogCompressedExtracted/cam_stereo_left_lut/2018-12-21_17-01-47_01800.png,reject
/datasets/dense/SeeingThroughFogCompressedExtracted/cam_stereo_left_lut/2019-01-09_10-13-43_00300.png,reject
/datasets/dense/SeeingThroughFogCompressedExtracted/cam_stereo_left_lut/2018-12-20_15-26-55_07200.png,reject
/datasets/dense/SeeingThroughFogCompressedExtracted/cam_stereo_left_lut/2019-01-09_09-55-38_00900.png,accept
/datasets/dense/SeeingThroughFogCompressedExtracted/cam_stereo_left_lut/2018-10-29_14-50-14_03800.png,reject
/datasets/dense/SeeingThroughFogCompressedExtracted/cam_stereo_left_lut/2019-01-09_10-18-26_01700.png,accept
/datasets/dense/SeeingThroughFogCompressedExtracted/cam_stereo_left_lut/2018-12-18_11-33-15_01100.png,accept
/datasets/dense/SeeingThroughFogCompressedExtracted/cam_stereo_left_lut/2018-12-20_15-26-55_06200.png,reject
/datasets/dense/SeeingThroughFogCompressedExtracted/cam_stereo_left_lut/2019-05-02_17-47-55_00450.png,reject
/datasets/dense/SeeingThroughFogCompressedExtracted/cam_stereo_left_lut/2018-02-06_14-33-00_00300.png,reject
/datasets/dense/SeeingThroughFogCompressedExtracted/cam_stereo_left_lut/2018-03-15_09-42-29_00710.png,accept
/datasets/dense/SeeingThroughFogCompressedExtracted/cam_stereo_left_lut/2018-03-15_09-29-41_00400.png,accept
/datasets/dense/SeeingThroughFogCompressedExtracted/cam_stereo_left_lut/2018-12-12_15-12-37_01600.png,accept
/datasets/dense/SeeingThroughFogCompressedExtracted/cam_stereo_left_lut/2018-02-12_08-31-13_00200.png,accept
/datasets/dense/SeeingThroughFogCompressedExtracted/cam_stereo_left_lut/2018-12-20_15-26-55_01400.png,reject
/datasets/dense/SeeingThroughFogCompressedExtracted/cam_stereo_left_lut/2018-02-06_13-52-45_00300.png,reject
/datasets/dense/SeeingThroughFogCompressedExtracted/cam_stereo_left_lut/2018-03-15_09-39-45_00200.png,accept
/datasets/dense/SeeingThroughFogCompressedExtracted/cam_stereo_left_lut/2018-02-06_14-27-02_00400.png,reject
/datasets/dense/SeeingThroughFogCompressedExtracted/cam_stereo_left_lut/2018-12-20_15-26-55_00900.png,reject
/datasets/dense/SeeingThroughFogCompressedExtracted/cam_stereo_left_lut/2018-02-06_15-53-33_00000.png,reject
/datasets/dense/SeeingThroughFogCompressedExtracted/cam_stereo_left_lut/2018-12-20_15-26-55_05200.png,reject
/datasets/dense/SeeingThroughFogCompressedExtracted/cam_stereo_left_lut/2018-10-08_08-18-59_00900.png,accept
/datasets/dense/SeeingThroughFogCompressedExtracted/cam_stereo_left_lut/2018-02-06_13-45-37_00100.png,reject
/datasets/dense/SeeingThroughFogCompressedExtracted/cam_stereo_left_lut/2018-02-06_14-28-37_00300.png,accept
/datasets/dense/SeeingThroughFogCompressedExtracted/cam_stereo_left_lut/2018-02-06_14-16-58_00700.png,accept
/datasets/dense/SeeingThroughFogCompressedExtracted/cam_stereo_left_lut/2019-01-09_10-13-43_00200.png,accept
/datasets/dense/SeeingThroughFogCompressedExtracted/cam_stereo_left_lut/2019-05-02_20-17-41_02370.png,reject
/datasets/dense/SeeingThroughFogCompressedExtracted/cam_stereo_left_lut/2018-02-06_14-02-22_00100.png,reject
/datasets/dense/SeeingThroughFogCompressedExtracted/cam_stereo_left_lut/2019-01-09_09-55-38_01400.png,accept
/datasets/dense/SeeingThroughFogCompressedExtracted/cam_stereo_left_lut/2018-03-15_10-18-07_00200.png,accept
/datasets/dense/SeeingThroughFogCompressedExtracted/cam_stereo_left_lut/2018-02-06_14-28-37_00500.png,accept
/datasets/dense/SeeingThroughFogCompressedExtracted/cam_stereo_left_lut/2019-01-09_08-23-49_01200.png,accept
/datasets/dense/SeeingThroughFogCompressedExtracted/cam_stereo_left_lut/2018-12-20_15-39-16_00300.png,reject
/datasets/dense/SeeingThroughFogCompressedExtracted/cam_stereo_left_lut/2018-02-07_11-56-57_00660.png,accept
/datasets/dense/SeeingThroughFogCompressedExtracted/cam_stereo_left_lut/2018-02-03_20-52-49_00000.png,reject
/datasets/dense/SeeingThroughFogCompressedExtracted/cam_stereo_left_lut/2018-02-06_14-01-33_00000.png,accept
/datasets/dense/SeeingThroughFogCompressedExtracted/cam_stereo_left_lut/2018-12-12_15-12-37_01900.png,accept
/datasets/dense/SeeingThroughFogCompressedExtracted/cam_stereo_left_lut/2019-05-02_20-23-59_00240.png,reject
/datasets/dense/SeeingThroughFogCompressedExtracted/cam_stereo_left_lut/2018-02-06_14-02-22_00000.png,accept
/datasets/dense/SeeingThroughFogCompressedExtracted/cam_stereo_left_lut/2018-02-04_11-27-05_00400.png,reject
/datasets/dense/SeeingThroughFogCompressedExtracted/cam_stereo_left_lut/2018-12-21_10-52-52_00600.png,accept
/datasets/dense/SeeingThroughFogCompressedExtracted/cam_stereo_left_lut/2019-05-02_20-17-41_02100.png,reject
/datasets/dense/SeeingThroughFogCompressedExtracted/cam_stereo_left_lut/2018-02-06_12-53-35_00100.png,reject
/datasets/dense/SeeingThroughFogCompressedExtracted/cam_stereo_left_lut/2018-12-21_17-08-15_00600.png,reject
/datasets/dense/SeeingThroughFogCompressedExtracted/cam_stereo_left_lut/2018-03-15_09-30-35_00150.png,accept
/datasets/dense/SeeingThroughFogCompressedExtracted/cam_stereo_left_lut/2018-12-12_09-22-59_05300.png,accept
/datasets/dense/SeeingThroughFogCompressedExtracted/cam_stereo_left_lut/2018-12-18_11-12-00_00000.png,accept
/datasets/dense/SeeingThroughFogCompressedExtracted/cam_stereo_left_lut/2018-12-20_14-29-47_00200.png,reject
/datasets/dense/SeeingThroughFogCompressedExtracted/cam_stereo_left_lut/2018-10-29_16-12-02_00250.png,reject
/datasets/dense/SeeingThroughFogCompressedExtracted/cam_stereo_left_lut/2018-03-15_09-29-41_00000.png,accept
/datasets/dense/SeeingThroughFogCompressedExtracted/cam_stereo_left_lut/2018-10-08_08-37-47_05800.png,accept
/datasets/dense/SeeingThroughFogCompressedExtracted/cam_stereo_left_lut/2018-12-20_15-46-51_00800.png,reject
/datasets/dense/SeeingThroughFogCompressedExtracted/cam_stereo_left_lut/2018-02-06_14-12-52_00700.png,reject
/datasets/dense/SeeingThroughFogCompressedExtracted/cam_stereo_left_lut/2018-02-06_15-43-19_01000.png,accept
/datasets/dense/SeeingThroughFogCompressedExtracted/cam_stereo_left_lut/2019-05-02_20-17-41_02430.png,reject
/datasets/dense/SeeingThroughFogCompressedExtracted/cam_stereo_left_lut/2018-02-06_13-55-10_00500.png,reject
/datasets/dense/SeeingThroughFogCompressedExtracted/cam_stereo_left_lut/2018-03-15_09-28-52_00100.png,reject
/datasets/dense/SeeingThroughFogCompressedExtracted/cam_stereo_left_lut/2018-02-06_13-05-11_00000.png,reject
/datasets/dense/SeeingThroughFogCompressedExtracted/cam_stereo_left_lut/2018-02-06_13-36-26_00400.png,reject
/datasets/dense/SeeingThroughFogCompressedExtracted/cam_stereo_left_lut/2018-02-06_14-33-00_00500.png,reject
/datasets/dense/SeeingThroughFogCompressedExtracted/cam_stereo_left_lut/2018-02-06_15-48-12_00300.png,accept
/datasets/dense/SeeingThroughFogCompressedExtracted/cam_stereo_left_lut/2018-02-10_11-44-17_00200.png,accept
/datasets/dense/SeeingThroughFogCompressedExtracted/cam_stereo_left_lut/2018-12-13_10-38-46_00000.png,accept
/datasets/dense/SeeingThroughFogCompressedExtracted/cam_stereo_left_lut/2018-02-06_14-15-08_00300.png,accept
/datasets/dense/SeeingThroughFogCompressedExtracted/cam_stereo_left_lut/2018-12-21_13-20-12_01400.png,reject
/datasets/dense/SeeingThroughFogCompressedExtracted/cam_stereo_left_lut/2018-12-18_11-39-53_01100.png,accept
/datasets/dense/SeeingThroughFogCompressedExtracted/cam_stereo_left_lut/2018-12-20_15-26-55_00700.png,reject
/datasets/dense/SeeingThroughFogCompressedExtracted/cam_stereo_left_lut/2019-05-02_17-47-55_01590.png,reject
/datasets/dense/SeeingThroughFogCompressedExtracted/cam_stereo_left_lut/2018-10-29_15-02-37_00100.png,accept
/datasets/dense/SeeingThroughFogCompressedExtracted/cam_stereo_left_lut/2018-02-12_08-32-43_00800.png,accept
/datasets/dense/SeeingThroughFogCompressedExtracted/cam_stereo_left_lut/2018-02-07_12-06-44_00850.png,accept
/datasets/dense/SeeingThroughFogCompressedExtracted/cam_stereo_left_lut/2018-02-11_15-37-17_00500.png,accept
/datasets/dense/SeeingThroughFogCompressedExtracted/cam_stereo_left_lut/2018-02-04_11-18-24_00100.png,reject
/datasets/dense/SeeingThroughFogCompressedExtracted/cam_stereo_left_lut/2018-02-06_14-12-52_01100.png,accept
/datasets/dense/SeeingThroughFogCompressedExtracted/cam_stereo_left_lut/2018-12-20_15-04-24_02700.png,accept
/datasets/dense/SeeingThroughFogCompressedExtracted/cam_stereo_left_lut/2018-12-20_15-11-27_01600.png,accept
/datasets/dense/SeeingThroughFogCompressedExtracted/cam_stereo_left_lut/2018-03-15_09-40-42_00000.png,accept
/datasets/dense/SeeingThroughFogCompressedExtracted/cam_stereo_left_lut/2018-10-29_14-50-14_03100.png,reject
/datasets/dense/SeeingThroughFogCompressedExtracted/cam_stereo_left_lut/2018-02-04_12-40-30_00740.png,accept
/datasets/dense/SeeingThroughFogCompressedExtracted/cam_stereo_left_lut/2018-02-04_12-20-52_00200.png,accept
/datasets/dense/SeeingThroughFogCompressedExtracted/cam_stereo_left_lut/2018-02-08_17-47-02_00390.png,accept
/datasets/dense/SeeingThroughFogCompressedExtracted/cam_stereo_left_lut/2018-12-20_15-26-55_01100.png,reject
/datasets/dense/SeeingThroughFogCompressedExtracted/cam_stereo_left_lut/2018-02-06_14-37-27_00000.png,accept
/datasets/dense/SeeingThroughFogCompressedExtracted/cam_stereo_left_lut/2019-01-09_10-13-43_00600.png,accept
/datasets/dense/SeeingThroughFogCompressedExtracted/cam_stereo_left_lut/2018-12-20_14-37-23_01000.png,reject
/datasets/dense/SeeingThroughFogCompressedExtracted/cam_stereo_left_lut/2018-10-29_14-50-14_02800.png,reject
/datasets/dense/SeeingThroughFogCompressedExtracted/cam_stereo_left_lut/2018-02-06_14-20-36_00200.png,reject
/datasets/dense/SeeingThroughFogCompressedExtracted/cam_stereo_left_lut/2018-02-06_14-23-56_00200.png,reject
/datasets/dense/SeeingThroughFogCompressedExtracted/cam_stereo_left_lut/2018-10-29_16-32-57_00200.png,accept
/datasets/dense/SeeingThroughFogCompressedExtracted/cam_stereo_left_lut/2018-02-07_18-39-52_00400.png,accept
/datasets/dense/SeeingThroughFogCompressedExtracted/cam_stereo_left_lut/2018-02-06_14-16-58_00500.png,accept
/datasets/dense/SeeingThroughFogCompressedExtracted/cam_stereo_left_lut/2018-10-29_16-18-47_00400.png,reject
/datasets/dense/SeeingThroughFogCompressedExtracted/cam_stereo_left_lut/2018-02-03_21-48-53_00200.png,reject
/datasets/dense/SeeingThroughFogCompressedExtracted/cam_stereo_left_lut/2018-02-06_12-51-20_00000.png,reject
/datasets/dense/SeeingThroughFogCompressedExtracted/cam_stereo_left_lut/2019-01-09_10-04-06_01200.png,accept
/datasets/dense/SeeingThroughFogCompressedExtracted/cam_stereo_left_lut/2018-10-08_08-18-59_02900.png,accept
/datasets/dense/SeeingThroughFogCompressedExtracted/cam_stereo_left_lut/2018-02-06_13-59-20_00100.png,accept
/datasets/dense/SeeingThroughFogCompressedExtracted/cam_stereo_left_lut/2018-02-06_13-36-26_00200.png,reject
/datasets/dense/SeeingThroughFogCompressedExtracted/cam_stereo_left_lut/2018-10-29_15-46-53_01400.png,accept
/datasets/dense/SeeingThroughFogCompressedExtracted/cam_stereo_left_lut/2018-10-08_08-37-47_00300.png,reject
/datasets/dense/SeeingThroughFogCompressedExtracted/cam_stereo_left_lut/2018-10-29_15-46-53_00500.png,accept
/datasets/dense/SeeingThroughFogCompressedExtracted/cam_stereo_left_lut/2018-02-03_20-50-46_00000.png,reject
/datasets/dense/SeeingThroughFogCompressedExtracted/cam_stereo_left_lut/2018-02-07_18-30-24_00000.png,accept
/datasets/dense/SeeingThroughFogCompressedExtracted/cam_stereo_left_lut/2018-02-07_18-21-20_00040.png,accept
/datasets/dense/SeeingThroughFogCompressedExtracted/cam_stereo_left_lut/2018-02-06_13-50-16_00400.png,reject
/datasets/dense/SeeingThroughFogCompressedExtracted/cam_stereo_left_lut/2018-02-06_14-25-04_00200.png,reject
/datasets/dense/SeeingThroughFogCompressedExtracted/cam_stereo_left_lut/2018-02-08_13-20-25_00090.png,accept
/datasets/dense/SeeingThroughFogCompressedExtracted/cam_stereo_left_lut/2018-12-12_15-12-37_00100.png,accept
/datasets/dense/SeeingThroughFogCompressedExtracted/cam_stereo_left_lut/2018-02-03_21-52-30_00200.png,reject
/datasets/dense/SeeingThroughFogCompressedExtracted/cam_stereo_left_lut/2018-02-04_11-25-44_00300.png,reject
/datasets/dense/SeeingThroughFogCompressedExtracted/cam_stereo_left_lut/2018-12-20_14-37-23_01200.png,reject
/datasets/dense/SeeingThroughFogCompressedExtracted/cam_stereo_left_lut/2019-09-11_21-26-38_00720.png,reject
/datasets/dense/SeeingThroughFogCompressedExtracted/cam_stereo_left_lut/2018-12-18_11-12-00_00500.png,accept
/datasets/dense/SeeingThroughFogCompressedExtracted/cam_stereo_left_lut/2018-12-16_12-59-55_00190.png,accept
/datasets/dense/SeeingThroughFogCompressedExtracted/cam_stereo_left_lut/2018-02-07_18-25-17_00200.png,accept
/datasets/dense/SeeingThroughFogCompressedExtracted/cam_stereo_left_lut/2018-03-15_09-36-51_00100.png,reject
/datasets/dense/SeeingThroughFogCompressedExtracted/cam_stereo_left_lut/2018-02-06_13-12-54_00000.png,reject
/datasets/dense/SeeingThroughFogCompressedExtracted/cam_stereo_left_lut/2019-05-02_17-47-55_02010.png,reject
/datasets/dense/SeeingThroughFogCompressedExtracted/cam_stereo_left_lut/2018-12-19_10-59-51_00010.png,accept
/datasets/dense/SeeingThroughFogCompressedExtracted/cam_stereo_left_lut/2018-12-12_15-12-37_02400.png,reject
/datasets/dense/SeeingThroughFogCompressedExtracted/cam_stereo_left_lut/2018-03-15_09-26-43_00400.png,reject
/datasets/dense/SeeingThroughFogCompressedExtracted/cam_stereo_left_lut/2019-01-09_10-18-26_01800.png,accept
/datasets/dense/SeeingThroughFogCompressedExtracted/cam_stereo_left_lut/2018-02-06_12-59-56_00200.png,reject
/datasets/dense/SeeingThroughFogCompressedExtracted/cam_stereo_left_lut/2018-10-29_16-18-47_03000.png,accept
/datasets/dense/SeeingThroughFogCompressedExtracted/cam_stereo_left_lut/2018-02-12_09-34-22_00030.png,accept
/datasets/dense/SeeingThroughFogCompressedExtracted/cam_stereo_left_lut/2018-03-15_09-29-41_00420.png,accept
/datasets/dense/SeeingThroughFogCompressedExtracted/cam_stereo_left_lut/2018-02-12_13-39-32_00500.png,accept
/datasets/dense/SeeingThroughFogCompressedExtracted/cam_stereo_left_lut/2018-02-06_14-33-00_00200.png,accept
/datasets/dense/SeeingThroughFogCompressedExtracted/cam_stereo_left_lut/2018-12-12_15-12-37_02000.png,accept
/datasets/dense/SeeingThroughFogCompressedExtracted/cam_stereo_left_lut/2018-10-08_08-37-47_07500.png,reject
/datasets/dense/SeeingThroughFogCompressedExtracted/cam_stereo_left_lut/2018-12-12_11-27-36_01200.png,accept
/datasets/dense/SeeingThroughFogCompressedExtracted/cam_stereo_left_lut/2018-02-03_21-38-49_00100.png,reject
/datasets/dense/SeeingThroughFogCompressedExtracted/cam_stereo_left_lut/2018-12-12_11-27-36_00400.png,accept
/datasets/dense/SeeingThroughFogCompressedExtracted/cam_stereo_left_lut/2018-02-07_12-10-36_02000.png,accept
/datasets/dense/SeeingThroughFogCompressedExtracted/cam_stereo_left_lut/2018-12-20_15-57-42_00900.png,reject
/datasets/dense/SeeingThroughFogCompressedExtracted/cam_stereo_left_lut/2018-02-11_15-25-56_00200.png,reject
/datasets/dense/SeeingThroughFogCompressedExtracted/cam_stereo_left_lut/2018-02-07_12-10-36_00070.png,accept
/datasets/dense/SeeingThroughFogCompressedExtracted/cam_stereo_left_lut/2018-12-20_14-44-46_01100.png,accept
/datasets/dense/SeeingThroughFogCompressedExtracted/cam_stereo_left_lut/2019-05-02_20-17-41_02310.png,reject
/datasets/dense/SeeingThroughFogCompressedExtracted/cam_stereo_left_lut/2018-12-20_14-44-46_00000.png,accept
/datasets/dense/SeeingThroughFogCompressedExtracted/cam_stereo_left_lut/2019-01-09_14-40-54_03400.png,accept
/datasets/dense/SeeingThroughFogCompressedExtracted/cam_stereo_left_lut/2018-02-11_15-28-44_00700.png,accept
/datasets/dense/SeeingThroughFogCompressedExtracted/cam_stereo_left_lut/2018-12-20_15-26-55_05000.png,reject
/datasets/dense/SeeingThroughFogCompressedExtracted/cam_stereo_left_lut/2018-02-06_14-37-54_00000.png,accept
/datasets/dense/SeeingThroughFogCompressedExtracted/cam_stereo_left_lut/2018-12-18_11-33-15_03400.png,accept
/datasets/dense/SeeingThroughFogCompressedExtracted/cam_stereo_left_lut/2018-12-20_15-41-06_00300.png,reject
/datasets/dense/SeeingThroughFogCompressedExtracted/cam_stereo_left_lut/2018-10-29_15-42-40_01200.png,accept
/datasets/dense/SeeingThroughFogCompressedExtracted/cam_stereo_left_lut/2018-10-29_15-42-40_01200.png,reject
/datasets/dense/SeeingThroughFogCompressedExtracted/cam_stereo_left_lut/2019-05-02_17-47-55_01350.png,reject
/datasets/dense/SeeingThroughFogCompressedExtracted/cam_stereo_left_lut/2018-02-06_14-12-52_00600.png,reject
/datasets/dense/SeeingThroughFogCompressedExtracted/cam_stereo_left_lut/2018-12-21_10-52-52_01100.png,accept
/datasets/dense/SeeingThroughFogCompressedExtracted/cam_stereo_left_lut/2018-02-04_11-20-41_00000.png,reject
/datasets/dense/SeeingThroughFogCompressedExtracted/cam_stereo_left_lut/2018-10-08_08-18-59_00700.png,accept
/datasets/dense/SeeingThroughFogCompressedExtracted/cam_stereo_left_lut/2018-10-29_14-50-14_02900.png,accept
/datasets/dense/SeeingThroughFogCompressedExtracted/cam_stereo_left_lut/2018-02-06_14-31-50_00600.png,reject
/datasets/dense/SeeingThroughFogCompressedExtracted/cam_stereo_left_lut/2018-02-06_13-34-24_00400.png,accept
/datasets/dense/SeeingThroughFogCompressedExtracted/cam_stereo_left_lut/2018-02-04_11-29-22_00000.png,reject
/datasets/dense/SeeingThroughFogCompressedExtracted/cam_stereo_left_lut/2019-01-09_08-27-29_00400.png,accept
/datasets/dense/SeeingThroughFogCompressedExtracted/cam_stereo_left_lut/2019-05-02_17-47-55_01710.png,reject
/datasets/dense/SeeingThroughFogCompressedExtracted/cam_stereo_left_lut/2018-02-06_13-53-35_00200.png,reject
/datasets/dense/SeeingThroughFogCompressedExtracted/cam_stereo_left_lut/2018-02-03_21-02-09_00100.png,reject
/datasets/dense/SeeingThroughFogCompressedExtracted/cam_stereo_left_lut/2018-12-20_15-39-16_00500.png,reject
/datasets/dense/SeeingThroughFogCompressedExtracted/cam_stereo_left_lut/2018-03-15_09-35-28_00500.png,accept
/datasets/dense/SeeingThroughFogCompressedExtracted/cam_stereo_left_lut/2018-02-06_13-45-37_00300.png,reject
/datasets/dense/SeeingThroughFogCompressedExtracted/cam_stereo_left_lut/2018-02-06_12-58-07_00000.png,reject
/datasets/dense/SeeingThroughFogCompressedExtracted/cam_stereo_left_lut/2019-05-02_20-17-41_00210.png,reject
/datasets/dense/SeeingThroughFogCompressedExtracted/cam_stereo_left_lut/2018-12-18_11-12-00_01100.png,accept
/datasets/dense/SeeingThroughFogCompressedExtracted/cam_stereo_left_lut/2018-12-14_13-15-52_00810.png,accept
/datasets/dense/SeeingThroughFogCompressedExtracted/cam_stereo_left_lut/2018-03-15_09-29-41_00270.png,accept
/datasets/dense/SeeingThroughFogCompressedExtracted/cam_stereo_left_lut/2018-10-29_16-12-02_00300.png,accept
/datasets/dense/SeeingThroughFogCompressedExtracted/cam_stereo_left_lut/2019-01-09_08-18-30_00400.png,accept
/datasets/dense/SeeingThroughFogCompressedExtracted/cam_stereo_left_lut/2018-02-06_13-45-37_00600.png,reject
/datasets/dense/SeeingThroughFogCompressedExtracted/cam_stereo_left_lut/2018-10-29_16-12-02_00950.png,accept
/datasets/dense/SeeingThroughFogCompressedExtracted/cam_stereo_left_lut/2018-12-20_14-37-23_00800.png,reject
/datasets/dense/SeeingThroughFogCompressedExtracted/cam_stereo_left_lut/2018-02-07_18-29-01_00300.png,accept
/datasets/dense/SeeingThroughFogCompressedExtracted/cam_stereo_left_lut/2019-05-02_20-17-41_02640.png,reject
/datasets/dense/SeeingThroughFogCompressedExtracted/cam_stereo_left_lut/2018-10-29_14-50-14_03450.png,reject
/datasets/dense/SeeingThroughFogCompressedExtracted/cam_stereo_left_lut/2018-02-07_12-04-45_00410.png,accept
/datasets/dense/SeeingThroughFogCompressedExtracted/cam_stereo_left_lut/2018-10-29_16-18-47_05700.png,reject
/datasets/dense/SeeingThroughFogCompressedExtracted/cam_stereo_left_lut/2018-02-06_15-53-33_00100.png,reject
/datasets/dense/SeeingThroughFogCompressedExtracted/cam_stereo_left_lut/2018-02-07_18-39-52_00600.png,accept
/datasets/dense/SeeingThroughFogCompressedExtracted/cam_stereo_left_lut/2018-12-12_15-12-37_00200.png,accept
/datasets/dense/SeeingThroughFogCompressedExtracted/cam_stereo_left_lut/2018-02-06_12-51-58_00200.png,reject
/datasets/dense/SeeingThroughFogCompressedExtracted/cam_stereo_left_lut/2019-05-02_20-23-59_00990.png,reject
/datasets/dense/SeeingThroughFogCompressedExtracted/cam_stereo_left_lut/2018-12-20_14-19-53_00200.png,reject
/datasets/dense/SeeingThroughFogCompressedExtracted/cam_stereo_left_lut/2018-02-06_14-28-37_00400.png,accept
/datasets/dense/SeeingThroughFogCompressedExtracted/cam_stereo_left_lut/2018-02-06_13-51-25_00500.png,accept
/datasets/dense/SeeingThroughFogCompressedExtracted/cam_stereo_left_lut/2019-01-09_09-18-07_00270.png,accept
/datasets/dense/SeeingThroughFogCompressedExtracted/cam_stereo_left_lut/2018-03-15_09-28-05_00100.png,reject
/datasets/dense/SeeingThroughFogCompressedExtracted/cam_stereo_left_lut/2019-05-02_20-17-41_00660.png,reject
/datasets/dense/SeeingThroughFogCompressedExtracted/cam_stereo_left_lut/2018-12-20_14-37-23_01600.png,accept
/datasets/dense/SeeingThroughFogCompressedExtracted/cam_stereo_left_lut/2018-02-06_14-21-31_00000.png,reject
/datasets/dense/SeeingThroughFogCompressedExtracted/cam_stereo_left_lut/2018-02-06_13-59-20_00400.png,accept
/datasets/dense/SeeingThroughFogCompressedExtracted/cam_stereo_left_lut/2019-01-09_10-04-06_00300.png,accept
/datasets/dense/SeeingThroughFogCompressedExtracted/cam_stereo_left_lut/2018-10-29_16-12-02_01000.png,accept
/datasets/dense/SeeingThroughFogCompressedExtracted/cam_stereo_left_lut/2018-10-08_08-18-59_00650.png,accept
/datasets/dense/SeeingThroughFogCompressedExtracted/cam_stereo_left_lut/2018-12-20_16-03-50_00100.png,accept
/datasets/dense/SeeingThroughFogCompressedExtracted/cam_stereo_left_lut/2019-05-02_20-17-41_00090.png,reject
/datasets/dense/SeeingThroughFogCompressedExtracted/cam_stereo_left_lut/2018-02-10_11-44-17_00800.png,accept
/datasets/dense/SeeingThroughFogCompressedExtracted/cam_stereo_left_lut/2018-10-29_15-42-40_01100.png,reject
/datasets/dense/SeeingThroughFogCompressedExtracted/cam_stereo_left_lut/2018-02-06_13-12-54_00700.png,reject
/datasets/dense/SeeingThroughFogCompressedExtracted/cam_stereo_left_lut/2018-12-20_15-46-51_00100.png,reject
/datasets/dense/SeeingThroughFogCompressedExtracted/cam_stereo_left_lut/2018-10-08_08-50-46_04100.png,accept
/datasets/dense/SeeingThroughFogCompressedExtracted/cam_stereo_left_lut/2018-03-15_09-39-45_00300.png,accept
/datasets/dense/SeeingThroughFogCompressedExtracted/cam_stereo_left_lut/2018-02-10_11-41-49_00500.png,accept
/datasets/dense/SeeingThroughFogCompressedExtracted/cam_stereo_left_lut/2018-02-04_11-18-24_00000.png,reject
/datasets/dense/SeeingThroughFogCompressedExtracted/cam_stereo_left_lut/2018-12-20_12-02-06_00500.png,accept
/datasets/dense/SeeingThroughFogCompressedExtracted/cam_stereo_left_lut/2019-05-02_17-47-55_01800.png,reject
/datasets/dense/SeeingThroughFogCompressedExtracted/cam_stereo_left_lut/2018-02-06_14-37-54_00300.png,accept
/datasets/dense/SeeingThroughFogCompressedExtracted/cam_stereo_left_lut/2018-02-06_14-33-00_00100.png,reject
/datasets/dense/SeeingThroughFogCompressedExtracted/cam_stereo_left_lut/2018-03-15_09-35-28_00200.png,accept
/datasets/dense/SeeingThroughFogCompressedExtracted/cam_stereo_left_lut/2018-10-29_15-46-53_01600.png,accept
/datasets/dense/SeeingThroughFogCompressedExtracted/cam_stereo_left_lut/2018-02-04_12-40-30_00100.png,accept
/datasets/dense/SeeingThroughFogCompressedExtracted/cam_stereo_left_lut/2019-01-09_10-18-26_02200.png,accept
/datasets/dense/SeeingThroughFogCompressedExtracted/cam_stereo_left_lut/2018-02-03_20-49-38_00000.png,reject
/datasets/dense/SeeingThroughFogCompressedExtracted/cam_stereo_left_lut/2019-05-02_17-47-55_00480.png,reject
/datasets/dense/SeeingThroughFogCompressedExtracted/cam_stereo_left_lut/2019-01-09_09-55-38_01200.png,accept
/datasets/dense/SeeingThroughFogCompressedExtracted/cam_stereo_left_lut/2019-01-09_10-01-04_00400.png,accept
/datasets/dense/SeeingThroughFogCompressedExtracted/cam_stereo_left_lut/2019-01-09_08-23-49_00500.png,accept
/datasets/dense/SeeingThroughFogCompressedExtracted/cam_stereo_left_lut/2018-02-12_15-39-23_00100.png,accept
/datasets/dense/SeeingThroughFogCompressedExtracted/cam_stereo_left_lut/2018-10-29_16-18-47_05600.png,reject
/datasets/dense/SeeingThroughFogCompressedExtracted/cam_stereo_left_lut/2018-12-21_16-53-42_02600.png,reject
/datasets/dense/SeeingThroughFogCompressedExtracted/cam_stereo_left_lut/2018-02-06_13-00-47_00000.png,accept
/datasets/dense/SeeingThroughFogCompressedExtracted/cam_stereo_left_lut/2018-10-08_08-27-03_06000.png,accept
/datasets/dense/SeeingThroughFogCompressedExtracted/cam_stereo_left_lut/2019-05-02_17-47-55_02130.png,reject
/datasets/dense/SeeingThroughFogCompressedExtracted/cam_stereo_left_lut/2018-02-07_18-21-20_00000.png,accept
/datasets/dense/SeeingThroughFogCompressedExtracted/cam_stereo_left_lut/2018-02-06_14-15-08_00000.png,accept
/datasets/dense/SeeingThroughFogCompressedExtracted/cam_stereo_left_lut/2019-05-02_20-17-41_01260.png,reject
/datasets/dense/SeeingThroughFogCompressedExtracted/cam_stereo_left_lut/2018-12-21_17-01-47_01700.png,reject
/datasets/dense/SeeingThroughFogCompressedExtracted/cam_stereo_left_lut/2019-01-08_10-29-03_00500.png,accept
/datasets/dense/SeeingThroughFogCompressedExtracted/cam_stereo_left_lut/2018-10-29_16-18-47_02200.png,accept
/datasets/dense/SeeingThroughFogCompressedExtracted/cam_stereo_left_lut/2019-05-02_17-47-55_01320.png,reject
/datasets/dense/SeeingThroughFogCompressedExtracted/cam_stereo_left_lut/2018-12-21_16-53-42_01100.png,reject
/datasets/dense/SeeingThroughFogCompressedExtracted/cam_stereo_left_lut/2018-12-20_15-19-07_00600.png,reject
/datasets/dense/SeeingThroughFogCompressedExtracted/cam_stereo_left_lut/2018-10-08_08-10-40_01550.png,accept
/datasets/dense/SeeingThroughFogCompressedExtracted/cam_stereo_left_lut/2018-02-04_12-20-52_00100.png,reject
/datasets/dense/SeeingThroughFogCompressedExtracted/cam_stereo_left_lut/2018-10-08_08-37-47_05200.png,accept
/datasets/dense/SeeingThroughFogCompressedExtracted/cam_stereo_left_lut/2018-10-08_08-50-46_00250.png,accept
/datasets/dense/SeeingThroughFogCompressedExtracted/cam_stereo_left_lut/2018-12-12_15-12-37_00500.png,accept
/datasets/dense/SeeingThroughFogCompressedExtracted/cam_stereo_left_lut/2018-02-06_13-59-20_00300.png,reject
/datasets/dense/SeeingThroughFogCompressedExtracted/cam_stereo_left_lut/2018-02-06_14-33-00_00400.png,accept
/datasets/dense/SeeingThroughFogCompressedExtracted/cam_stereo_left_lut/2018-10-08_08-10-40_00800.png,accept
/datasets/dense/SeeingThroughFogCompressedExtracted/cam_stereo_left_lut/2018-02-07_12-10-36_00020.png,accept
/datasets/dense/SeeingThroughFogCompressedExtracted/cam_stereo_left_lut/2019-01-08_10-22-00_02700.png,accept
/datasets/dense/SeeingThroughFogCompressedExtracted/cam_stereo_left_lut/2019-01-09_08-09-20_04300.png,accept
/datasets/dense/SeeingThroughFogCompressedExtracted/cam_stereo_left_lut/2018-12-20_14-44-46_00800.png,accept
/datasets/dense/SeeingThroughFogCompressedExtracted/cam_stereo_left_lut/2018-02-12_10-19-09_00700.png,accept
/datasets/dense/SeeingThroughFogCompressedExtracted/cam_stereo_left_lut/2018-02-06_14-21-49_00400.png,accept
/datasets/dense/SeeingThroughFogCompressedExtracted/cam_stereo_left_lut/2018-10-08_08-18-59_03000.png,accept
/datasets/dense/SeeingThroughFogCompressedExtracted/cam_stereo_left_lut/2018-02-07_12-10-36_00320.png,accept
/datasets/dense/SeeingThroughFogCompressedExtracted/cam_stereo_left_lut/2018-02-06_14-28-37_00600.png,reject
/datasets/dense/SeeingThroughFogCompressedExtracted/cam_stereo_left_lut/2019-05-02_20-17-41_02880.png,reject
/datasets/dense/SeeingThroughFogCompressedExtracted/cam_stereo_left_lut/2018-02-06_14-16-58_00000.png,reject
/datasets/dense/SeeingThroughFogCompressedExtracted/cam_stereo_left_lut/2018-02-06_13-53-35_00600.png,reject
/datasets/dense/SeeingThroughFogCompressedExtracted/cam_stereo_left_lut/2018-02-04_11-19-03_00100.png,reject
/datasets/dense/SeeingThroughFogCompressedExtracted/cam_stereo_left_lut/2018-12-20_14-41-07_00100.png,reject
/datasets/dense/SeeingThroughFogCompressedExtracted/cam_stereo_left_lut/2018-10-08_08-50-46_04000.png,accept
/datasets/dense/SeeingThroughFogCompressedExtracted/cam_stereo_left_lut/2019-05-02_20-17-41_01860.png,reject
/datasets/dense/SeeingThroughFogCompressedExtracted/cam_stereo_left_lut/2018-12-10_11-38-09_01800.png,accept
/datasets/dense/SeeingThroughFogCompressedExtracted/cam_stereo_left_lut/2018-12-20_14-41-07_00300.png,accept
/datasets/dense/SeeingThroughFogCompressedExtracted/cam_stereo_left_lut/2018-10-08_08-10-40_01910.png,accept
/datasets/dense/SeeingThroughFogCompressedExtracted/cam_stereo_left_lut/2018-02-06_13-55-10_00400.png,reject
/datasets/dense/SeeingThroughFogCompressedExtracted/cam_stereo_left_lut/2019-01-09_10-04-06_00200.png,accept
/datasets/dense/SeeingThroughFogCompressedExtracted/cam_stereo_left_lut/2018-02-07_18-21-20_00020.png,accept
/datasets/dense/SeeingThroughFogCompressedExtracted/cam_stereo_left_lut/2018-03-15_09-39-45_00100.png,accept
/datasets/dense/SeeingThroughFogCompressedExtracted/cam_stereo_left_lut/2018-12-20_15-26-55_05900.png,reject
/datasets/dense/SeeingThroughFogCompressedExtracted/cam_stereo_left_lut/2018-02-03_21-36-01_00300.png,reject
/datasets/dense/SeeingThroughFogCompressedExtracted/cam_stereo_left_lut/2018-02-06_14-21-49_00300.png,reject
/datasets/dense/SeeingThroughFogCompressedExtracted/cam_stereo_left_lut/2018-02-04_11-22-09_00200.png,reject
/datasets/dense/SeeingThroughFogCompressedExtracted/cam_stereo_left_lut/2018-02-08_17-40-59_00100.png,reject
/datasets/dense/SeeingThroughFogCompressedExtracted/cam_stereo_left_lut/2018-02-06_13-06-17_00100.png,reject
/datasets/dense/SeeingThroughFogCompressedExtracted/cam_stereo_left_lut/2018-02-04_11-16-41_00000.png,accept
/datasets/dense/SeeingThroughFogCompressedExtracted/cam_stereo_left_lut/2019-05-02_17-47-55_01620.png,reject
/datasets/dense/SeeingThroughFogCompressedExtracted/cam_stereo_left_lut/2019-05-02_20-17-41_00180.png,reject
/datasets/dense/SeeingThroughFogCompressedExtracted/cam_stereo_left_lut/2019-05-02_17-47-55_00420.png,reject
/datasets/dense/SeeingThroughFogCompressedExtracted/cam_stereo_left_lut/2018-02-03_21-41-51_00200.png,reject
/datasets/dense/SeeingThroughFogCompressedExtracted/cam_stereo_left_lut/2018-02-06_13-43-34_00100.png,reject
/datasets/dense/SeeingThroughFogCompressedExtracted/cam_stereo_left_lut/2018-02-12_13-47-38_00800.png,accept
/datasets/dense/SeeingThroughFogCompressedExtracted/cam_stereo_left_lut/2018-02-07_18-21-20_00270.png,accept
/datasets/dense/SeeingThroughFogCompressedExtracted/cam_stereo_left_lut/2018-02-07_18-41-34_00200.png,accept
/datasets/dense/SeeingThroughFogCompressedExtracted/cam_stereo_left_lut/2018-02-03_21-52-30_00500.png,reject
/datasets/dense/SeeingThroughFogCompressedExtracted/cam_stereo_left_lut/2018-12-20_15-19-07_01100.png,reject
/datasets/dense/SeeingThroughFogCompressedExtracted/cam_stereo_left_lut/2019-05-02_17-47-55_01230.png,reject
/datasets/dense/SeeingThroughFogCompressedExtracted/cam_stereo_left_lut/2019-05-02_17-47-55_01980.png,reject
/datasets/dense/SeeingThroughFogCompressedExtracted/cam_stereo_left_lut/2018-02-06_13-57-09_00000.png,reject
/datasets/dense/SeeingThroughFogCompressedExtracted/cam_stereo_left_lut/2018-02-06_14-02-53_00000.png,accept
/datasets/dense/SeeingThroughFogCompressedExtracted/cam_stereo_left_lut/2018-02-06_13-45-37_00200.png,accept
/datasets/dense/SeeingThroughFogCompressedExtracted/cam_stereo_left_lut/2018-02-03_21-49-27_00200.png,reject
/datasets/dense/SeeingThroughFogCompressedExtracted/cam_stereo_left_lut/2018-10-08_08-50-46_00100.png,accept
/datasets/dense/SeeingThroughFogCompressedExtracted/cam_stereo_left_lut/2019-05-02_20-17-41_03240.png,reject
/datasets/dense/SeeingThroughFogCompressedExtracted/cam_stereo_left_lut/2019-01-09_14-11-23_02000.png,accept
/datasets/dense/SeeingThroughFogCompressedExtracted/cam_stereo_left_lut/2019-05-02_20-17-41_02070.png,reject
/datasets/dense/SeeingThroughFogCompressedExtracted/cam_stereo_left_lut/2018-02-06_13-06-17_00200.png,reject
/datasets/dense/SeeingThroughFogCompressedExtracted/cam_stereo_left_lut/2018-02-07_11-56-57_00370.png,accept
/datasets/dense/SeeingThroughFogCompressedExtracted/cam_stereo_left_lut/2018-10-29_16-18-47_02600.png,accept
/datasets/dense/SeeingThroughFogCompressedExtracted/cam_stereo_left_lut/2018-02-04_11-29-22_00100.png,reject
/datasets/dense/SeeingThroughFogCompressedExtracted/cam_stereo_left_lut/2018-02-07_18-41-34_00300.png,accept
/datasets/dense/SeeingThroughFogCompressedExtracted/cam_stereo_left_lut/2018-10-29_16-18-47_02900.png,accept
/datasets/dense/SeeingThroughFogCompressedExtracted/cam_stereo_left_lut/2018-02-04_11-24-11_00200.png,reject
/datasets/dense/SeeingThroughFogCompressedExtracted/cam_stereo_left_lut/2018-02-12_13-44-54_00000.png,accept
/datasets/dense/SeeingThroughFogCompressedExtracted/cam_stereo_left_lut/2018-10-08_08-27-03_05800.png,accept
/datasets/dense/SeeingThroughFogCompressedExtracted/cam_stereo_left_lut/2018-02-06_12-52-38_00000.png,reject
/datasets/dense/SeeingThroughFogCompressedExtracted/cam_stereo_left_lut/2019-01-09_10-07-47_01000.png,accept
/datasets/dense/SeeingThroughFogCompressedExtracted/cam_stereo_left_lut/2019-05-02_20-23-59_00210.png,reject
/datasets/dense/SeeingThroughFogCompressedExtracted/cam_stereo_left_lut/2018-02-06_14-35-08_00300.png,reject
/datasets/dense/SeeingThroughFogCompressedExtracted/cam_stereo_left_lut/2019-01-09_10-07-47_01600.png,accept
/datasets/dense/SeeingThroughFogCompressedExtracted/cam_stereo_left_lut/2019-01-09_08-27-29_00500.png,accept
/datasets/dense/SeeingThroughFogCompressedExtracted/cam_stereo_left_lut/2018-02-10_11-43-01_00300.png,accept
/datasets/dense/SeeingThroughFogCompressedExtracted/cam_stereo_left_lut/2019-01-09_08-27-29_00200.png,accept
/datasets/dense/SeeingThroughFogCompressedExtracted/cam_stereo_left_lut/2018-02-04_11-19-03_00400.png,reject
/datasets/dense/SeeingThroughFogCompressedExtracted/cam_stereo_left_lut/2018-10-29_16-12-02_00150.png,reject
/datasets/dense/SeeingThroughFogCompressedExtracted/cam_stereo_left_lut/2018-02-06_12-52-38_00200.png,reject
/datasets/dense/SeeingThroughFogCompressedExtracted/cam_stereo_left_lut/2018-02-06_12-59-56_00000.png,reject
/datasets/dense/SeeingThroughFogCompressedExtracted/cam_stereo_left_lut/2018-03-15_09-28-05_00200.png,accept
/datasets/dense/SeeingThroughFogCompressedExtracted/cam_stereo_left_lut/2018-02-04_11-22-09_00100.png,reject
/datasets/dense/SeeingThroughFogCompressedExtracted/cam_stereo_left_lut/2018-12-21_16-53-42_00000.png,reject
/datasets/dense/SeeingThroughFogCompressedExtracted/cam_stereo_left_lut/2018-02-06_14-40-36_00100.png,reject
/datasets/dense/SeeingThroughFogCompressedExtracted/cam_stereo_left_lut/2018-02-04_11-21-17_00200.png,reject
/datasets/dense/SeeingThroughFogCompressedExtracted/cam_stereo_left_lut/2018-02-06_13-55-10_00100.png,reject
/datasets/dense/SeeingThroughFogCompressedExtracted/cam_stereo_left_lut/2018-02-03_21-52-30_00100.png,reject
/datasets/dense/SeeingThroughFogCompressedExtracted/cam_stereo_left_lut/2018-12-20_15-04-24_02500.png,reject
/datasets/dense/SeeingThroughFogCompressedExtracted/cam_stereo_left_lut/2019-01-09_08-18-30_00200.png,accept
/datasets/dense/SeeingThroughFogCompressedExtracted/cam_stereo_left_lut/2018-12-16_12-31-35_00100.png,accept
/datasets/dense/SeeingThroughFogCompressedExtracted/cam_stereo_left_lut/2018-02-06_13-43-34_00200.png,accept
/datasets/dense/SeeingThroughFogCompressedExtracted/cam_stereo_left_lut/2019-01-09_14-54-03_02800.png,accept
/datasets/dense/SeeingThroughFogCompressedExtracted/cam_stereo_left_lut/2018-12-20_15-26-55_02400.png,reject
/datasets/dense/SeeingThroughFogCompressedExtracted/cam_stereo_left_lut/2018-02-03_21-56-33_00000.png,reject
/datasets/dense/SeeingThroughFogCompressedExtracted/cam_stereo_left_lut/2018-10-08_08-10-40_01390.png,accept
/datasets/dense/SeeingThroughFogCompressedExtracted/cam_stereo_left_lut/2019-05-02_17-47-55_01920.png,reject
/datasets/dense/SeeingThroughFogCompressedExtracted/cam_stereo_left_lut/2018-02-06_13-59-20_00600.png,reject
/datasets/dense/SeeingThroughFogCompressedExtracted/cam_stereo_left_lut/2018-12-21_16-19-18_00100.png,reject
/datasets/dense/SeeingThroughFogCompressedExtracted/cam_stereo_left_lut/2018-02-06_13-12-54_00400.png,reject
/datasets/dense/SeeingThroughFogCompressedExtracted/cam_stereo_left_lut/2018-02-12_13-30-24_00100.png,accept
/datasets/dense/SeeingThroughFogCompressedExtracted/cam_stereo_left_lut/2018-02-06_13-55-10_00200.png,accept
/datasets/dense/SeeingThroughFogCompressedExtracted/cam_stereo_left_lut/2018-02-03_21-04-07_00100.png,reject
/datasets/dense/SeeingThroughFogCompressedExtracted/cam_stereo_left_lut/2018-12-20_14-44-46_00200.png,accept
/datasets/dense/SeeingThroughFogCompressedExtracted/cam_stereo_left_lut/2018-03-15_09-28-52_00300.png,accept
/datasets/dense/SeeingThroughFogCompressedExtracted/cam_stereo_left_lut/2018-02-06_12-52-38_00100.png,reject
/datasets/dense/SeeingThroughFogCompressedExtracted/cam_stereo_left_lut/2018-02-07_11-54-15_00600.png,accept
/datasets/dense/SeeingThroughFogCompressedExtracted/cam_stereo_left_lut/2018-02-06_14-02-53_00200.png,reject
/datasets/dense/SeeingThroughFogCompressedExtracted/cam_stereo_left_lut/2018-02-07_18-39-52_00420.png,accept
/datasets/dense/SeeingThroughFogCompressedExtracted/cam_stereo_left_lut/2018-02-07_11-56-57_00000.png,accept
/datasets/dense/SeeingThroughFogCompressedExtracted/cam_stereo_left_lut/2018-02-12_13-37-03_00200.png,accept
/datasets/dense/SeeingThroughFogCompressedExtracted/cam_stereo_left_lut/2018-02-03_20-59-03_00000.png,reject
/datasets/dense/SeeingThroughFogCompressedExtracted/cam_stereo_left_lut/2018-02-06_13-08-20_00400.png,reject
/datasets/dense/SeeingThroughFogCompressedExtracted/cam_stereo_left_lut/2018-02-12_13-41-25_00700.png,accept
/datasets/dense/SeeingThroughFogCompressedExtracted/cam_stereo_left_lut/2018-02-08_17-47-02_00370.png,reject
/datasets/dense/SeeingThroughFogCompressedExtracted/cam_stereo_left_lut/2018-12-18_10-58-17_01100.png,accept
/datasets/dense/SeeingThroughFogCompressedExtracted/cam_stereo_left_lut/2018-02-12_13-37-03_00300.png,accept
/datasets/dense/SeeingThroughFogCompressedExtracted/cam_stereo_left_lut/2018-02-06_14-03-45_00000.png,reject
/datasets/dense/SeeingThroughFogCompressedExtracted/cam_stereo_left_lut/2018-12-19_10-53-54_02250.png,accept
/datasets/dense/SeeingThroughFogCompressedExtracted/cam_stereo_left_lut/2018-10-08_08-27-03_00050.png,accept
/datasets/dense/SeeingThroughFogCompressedExtracted/cam_stereo_left_lut/2018-12-16_12-59-55_00120.png,accept
/datasets/dense/SeeingThroughFogCompressedExtracted/cam_stereo_left_lut/2018-12-19_10-53-54_01150.png,accept
/datasets/dense/SeeingThroughFogCompressedExtracted/cam_stereo_left_lut/2018-10-29_16-18-47_02300.png,accept
/datasets/dense/SeeingThroughFogCompressedExtracted/cam_stereo_left_lut/2018-10-29_16-32-57_02100.png,accept
/datasets/dense/SeeingThroughFogCompressedExtracted/cam_stereo_left_lut/2018-10-29_15-42-40_01000.png,reject
/datasets/dense/SeeingThroughFogCompressedExtracted/cam_stereo_left_lut/2018-12-18_11-39-53_01000.png,accept
/datasets/dense/SeeingThroughFogCompressedExtracted/cam_stereo_left_lut/2018-02-07_18-39-52_00690.png,reject
/datasets/dense/SeeingThroughFogCompressedExtracted/cam_stereo_left_lut/2018-02-12_10-16-17_01000.png,accept
/datasets/dense/SeeingThroughFogCompressedExtracted/cam_stereo_left_lut/2018-02-12_13-25-00_00000.png,accept
/datasets/dense/SeeingThroughFogCompressedExtracted/cam_stereo_left_lut/2018-02-04_11-20-41_00100.png,reject
/datasets/dense/SeeingThroughFogCompressedExtracted/cam_stereo_left_lut/2018-12-17_06-30-54_13900.png,accept
/datasets/dense/SeeingThroughFogCompressedExtracted/cam_stereo_left_lut/2019-01-09_10-07-47_02100.png,accept
/datasets/dense/SeeingThroughFogCompressedExtracted/cam_stereo_left_lut/2018-12-21_16-53-42_01400.png,reject
/datasets/dense/SeeingThroughFogCompressedExtracted/cam_stereo_left_lut/2019-01-09_10-12-17_00500.png,accept
/datasets/dense/SeeingThroughFogCompressedExtracted/cam_stereo_left_lut/2019-05-02_20-17-41_00510.png,reject
/datasets/dense/SeeingThroughFogCompressedExtracted/cam_stereo_left_lut/2018-02-06_14-12-52_00800.png,reject
/datasets/dense/SeeingThroughFogCompressedExtracted/cam_stereo_left_lut/2018-12-12_15-12-37_01100.png,accept
/datasets/dense/SeeingThroughFogCompressedExtracted/cam_stereo_left_lut/2019-05-02_17-47-55_01380.png,reject
/datasets/dense/SeeingThroughFogCompressedExtracted/cam_stereo_left_lut/2018-02-06_15-53-33_00400.png,reject
/datasets/dense/SeeingThroughFogCompressedExtracted/cam_stereo_left_lut/2018-02-06_13-59-20_00800.png,reject
/datasets/dense/SeeingThroughFogCompressedExtracted/cam_stereo_left_lut/2018-02-04_11-16-41_00100.png,reject
/datasets/dense/SeeingThroughFogCompressedExtracted/cam_stereo_left_lut/2018-10-29_16-32-57_00100.png,accept
/datasets/dense/SeeingThroughFogCompressedExtracted/cam_stereo_left_lut/2018-02-12_10-16-17_00500.png,accept
/datasets/dense/SeeingThroughFogCompressedExtracted/cam_stereo_left_lut/2018-02-06_13-12-54_00200.png,reject
/datasets/dense/SeeingThroughFogCompressedExtracted/cam_stereo_left_lut/2018-02-03_21-53-53_00200.png,reject
/datasets/dense/SeeingThroughFogCompressedExtracted/cam_stereo_left_lut/2018-10-29_14-58-28_00200.png,reject
/datasets/dense/SeeingThroughFogCompressedExtracted/cam_stereo_left_lut/2019-05-02_20-17-41_02400.png,reject
/datasets/dense/SeeingThroughFogCompressedExtracted/cam_stereo_left_lut/2018-02-06_12-49-55_00300.png,accept
/datasets/dense/SeeingThroughFogCompressedExtracted/cam_stereo_left_lut/2019-01-09_10-07-47_01700.png,accept
/datasets/dense/SeeingThroughFogCompressedExtracted/cam_stereo_left_lut/2018-02-11_15-23-41_00400.png,accept
/datasets/dense/SeeingThroughFogCompressedExtracted/cam_stereo_left_lut/2018-02-07_18-21-20_00050.png,accept
/datasets/dense/SeeingThroughFogCompressedExtracted/cam_stereo_left_lut/2018-02-06_13-50-16_00300.png,reject
/datasets/dense/SeeingThroughFogCompressedExtracted/cam_stereo_left_lut/2018-10-29_15-42-40_01300.png,reject
/datasets/dense/SeeingThroughFogCompressedExtracted/cam_stereo_left_lut/2018-02-06_14-26-46_00000.png,reject
/datasets/dense/SeeingThroughFogCompressedExtracted/cam_stereo_left_lut/2019-01-09_10-04-06_01050.png,accept
/datasets/dense/SeeingThroughFogCompressedExtracted/cam_stereo_left_lut/2018-02-06_16-00-26_00600.png,reject
/datasets/dense/SeeingThroughFogCompressedExtracted/cam_stereo_left_lut/2018-12-21_17-01-47_02700.png,reject
/datasets/dense/SeeingThroughFogCompressedExtracted/cam_stereo_left_lut/2018-02-06_12-53-35_00300.png,reject
/datasets/dense/SeeingThroughFogCompressedExtracted/cam_stereo_left_lut/2018-12-20_15-26-55_01600.png,reject
/datasets/dense/SeeingThroughFogCompressedExtracted/cam_stereo_left_lut/2018-12-18_11-52-05_00800.png,reject
/datasets/dense/SeeingThroughFogCompressedExtracted/cam_stereo_left_lut/2018-12-18_11-52-05_00800.png,accept
/datasets/dense/SeeingThroughFogCompressedExtracted/cam_stereo_left_lut/2019-05-02_17-47-55_01650.png,reject
/datasets/dense/SeeingThroughFogCompressedExtracted/cam_stereo_left_lut/2019-05-02_18-23-45_00030.png,reject
/datasets/dense/SeeingThroughFogCompressedExtracted/cam_stereo_left_lut/2018-02-12_15-46-51_00480.png,accept
/datasets/dense/SeeingThroughFogCompressedExtracted/cam_stereo_left_lut/2018-02-04_12-51-32_00100.png,accept
/datasets/dense/SeeingThroughFogCompressedExtracted/cam_stereo_left_lut/2018-12-20_15-41-06_00100.png,reject
/datasets/dense/SeeingThroughFogCompressedExtracted/cam_stereo_left_lut/2019-05-02_17-47-55_01950.png,reject
/datasets/dense/SeeingThroughFogCompressedExtracted/cam_stereo_left_lut/2018-02-04_11-27-05_00100.png,reject
/datasets/dense/SeeingThroughFogCompressedExtracted/cam_stereo_left_lut/2018-12-20_14-37-23_00100.png,reject
/datasets/dense/SeeingThroughFogCompressedExtracted/cam_stereo_left_lut/2018-02-06_14-11-19_00100.png,accept
/datasets/dense/SeeingThroughFogCompressedExtracted/cam_stereo_left_lut/2018-02-04_11-25-44_00200.png,reject
/datasets/dense/SeeingThroughFogCompressedExtracted/cam_stereo_left_lut/2018-02-06_14-41-59_00100.png,reject
/datasets/dense/SeeingThroughFogCompressedExtracted/cam_stereo_left_lut/2018-02-06_13-53-35_00000.png,reject
/datasets/dense/SeeingThroughFogCompressedExtracted/cam_stereo_left_lut/2019-01-08_10-22-00_01600.png,accept
/datasets/dense/SeeingThroughFogCompressedExtracted/cam_stereo_left_lut/2018-12-20_15-26-55_07300.png,reject
/datasets/dense/SeeingThroughFogCompressedExtracted/cam_stereo_left_lut/2018-10-08_08-37-47_05300.png,accept
/datasets/dense/SeeingThroughFogCompressedExtracted/cam_stereo_left_lut/2018-02-07_18-32-08_00300.png,reject
/datasets/dense/SeeingThroughFogCompressedExtracted/cam_stereo_left_lut/2018-02-07_18-39-52_00460.png,accept
/datasets/dense/SeeingThroughFogCompressedExtracted/cam_stereo_left_lut/2018-12-20_12-02-06_01000.png,accept
/datasets/dense/SeeingThroughFogCompressedExtracted/cam_stereo_left_lut/2018-02-03_21-37-02_00100.png,reject
/datasets/dense/SeeingThroughFogCompressedExtracted/cam_stereo_left_lut/2018-12-20_15-18-12_00100.png,reject
/datasets/dense/SeeingThroughFogCompressedExtracted/cam_stereo_left_lut/2018-02-06_14-15-08_00400.png,accept
/datasets/dense/SeeingThroughFogCompressedExtracted/cam_stereo_left_lut/2018-02-03_21-04-52_00000.png,reject
/datasets/dense/SeeingThroughFogCompressedExtracted/cam_stereo_left_lut/2019-01-09_10-04-06_00450.png,accept
/datasets/dense/SeeingThroughFogCompressedExtracted/cam_stereo_left_lut/2018-12-20_15-04-24_01000.png,accept
/datasets/dense/SeeingThroughFogCompressedExtracted/cam_stereo_left_lut/2019-01-08_10-22-00_03700.png,accept
/datasets/dense/SeeingThroughFogCompressedExtracted/cam_stereo_left_lut/2018-02-04_11-29-58_00200.png,accept
/datasets/dense/SeeingThroughFogCompressedExtracted/cam_stereo_left_lut/2018-02-07_12-10-36_00030.png,accept
/datasets/dense/SeeingThroughFogCompressedExtracted/cam_stereo_left_lut/2018-03-15_09-29-41_00200.png,accept
/datasets/dense/SeeingThroughFogCompressedExtracted/cam_stereo_left_lut/2018-10-29_16-12-02_01150.png,accept
/datasets/dense/SeeingThroughFogCompressedExtracted/cam_stereo_left_lut/2018-12-20_15-55-01_00000.png,reject
/datasets/dense/SeeingThroughFogCompressedExtracted/cam_stereo_left_lut/2018-10-29_15-42-40_00900.png,accept
/datasets/dense/SeeingThroughFogCompressedExtracted/cam_stereo_left_lut/2018-02-03_20-50-46_00100.png,reject
/datasets/dense/SeeingThroughFogCompressedExtracted/cam_stereo_left_lut/2018-10-29_15-46-53_00700.png,accept
/datasets/dense/SeeingThroughFogCompressedExtracted/cam_stereo_left_lut/2018-10-29_16-18-47_03300.png,accept
/datasets/dense/SeeingThroughFogCompressedExtracted/cam_stereo_left_lut/2018-02-06_14-11-19_00400.png,reject
/datasets/dense/SeeingThroughFogCompressedExtracted/cam_stereo_left_lut/2018-02-07_18-36-39_00200.png,accept
/datasets/dense/SeeingThroughFogCompressedExtracted/cam_stereo_left_lut/2018-02-03_21-04-07_00000.png,reject
/datasets/dense/SeeingThroughFogCompressedExtracted/cam_stereo_left_lut/2018-12-20_15-19-07_00000.png,reject
/datasets/dense/SeeingThroughFogCompressedExtracted/cam_stereo_left_lut/2018-02-07_18-39-52_00650.png,accept
/datasets/dense/SeeingThroughFogCompressedExtracted/cam_stereo_left_lut/2018-02-03_21-37-02_00200.png,reject
/datasets/dense/SeeingThroughFogCompressedExtracted/cam_stereo_left_lut/2018-02-06_12-51-20_00200.png,reject
/datasets/dense/SeeingThroughFogCompressedExtracted/cam_stereo_left_lut/2018-12-20_15-46-51_00500.png,reject
/datasets/dense/SeeingThroughFogCompressedExtracted/cam_stereo_left_lut/2019-05-02_20-23-59_00780.png,reject
/datasets/dense/SeeingThroughFogCompressedExtracted/cam_stereo_left_lut/2018-02-07_18-35-12_00200.png,reject
/datasets/dense/SeeingThroughFogCompressedExtracted/cam_stereo_left_lut/2018-02-04_11-26-31_00100.png,reject
/datasets/dense/SeeingThroughFogCompressedExtracted/cam_stereo_left_lut/2018-12-12_15-12-37_01200.png,accept
/datasets/dense/SeeingThroughFogCompressedExtracted/cam_stereo_left_lut/2018-12-20_15-39-16_00200.png,undecided
/datasets/dense/SeeingThroughFogCompressedExtracted/cam_stereo_left_lut/2018-12-20_15-39-16_00200.png,reject
/datasets/dense/SeeingThroughFogCompressedExtracted/cam_stereo_left_lut/2018-12-18_11-52-05_01400.png,accept
/datasets/dense/SeeingThroughFogCompressedExtracted/cam_stereo_left_lut/2019-01-09_10-18-26_01300.png,accept
/datasets/dense/SeeingThroughFogCompressedExtracted/cam_stereo_left_lut/2019-05-02_20-23-59_00180.png,reject
/datasets/dense/SeeingThroughFogCompressedExtracted/cam_stereo_left_lut/2018-02-06_13-56-09_00000.png,accept
/datasets/dense/SeeingThroughFogCompressedExtracted/cam_stereo_left_lut/2018-12-20_16-04-42_00400.png,accept
/datasets/dense/SeeingThroughFogCompressedExtracted/cam_stereo_left_lut/2018-12-21_10-52-52_02500.png,accept
/datasets/dense/SeeingThroughFogCompressedExtracted/cam_stereo_left_lut/2018-02-04_11-24-11_00300.png,reject
/datasets/dense/SeeingThroughFogCompressedExtracted/cam_stereo_left_lut/2018-10-29_16-12-02_00850.png,accept
/datasets/dense/SeeingThroughFogCompressedExtracted/cam_stereo_left_lut/2018-02-06_13-59-20_00200.png,reject
/datasets/dense/SeeingThroughFogCompressedExtracted/cam_stereo_left_lut/2018-02-03_21-36-01_00400.png,reject
/datasets/dense/SeeingThroughFogCompressedExtracted/cam_stereo_left_lut/2018-10-08_08-10-40_01810.png,accept
/datasets/dense/SeeingThroughFogCompressedExtracted/cam_stereo_left_lut/2018-12-21_16-53-42_01900.png,reject
/datasets/dense/SeeingThroughFogCompressedExtracted/cam_stereo_left_lut/2018-02-07_11-54-15_00300.png,accept
/datasets/dense/SeeingThroughFogCompressedExtracted/cam_stereo_left_lut/2018-10-08_08-18-59_02650.png,accept
/datasets/dense/SeeingThroughFogCompressedExtracted/cam_stereo_left_lut/2018-10-08_08-27-03_00800.png,accept
/datasets/dense/SeeingThroughFogCompressedExtracted/cam_stereo_left_lut/2018-02-07_18-21-20_00260.png,accept
/datasets/dense/SeeingThroughFogCompressedExtracted/cam_stereo_left_lut/2018-02-06_15-48-12_00100.png,accept
/datasets/dense/SeeingThroughFogCompressedExtracted/cam_stereo_left_lut/2018-02-06_13-01-35_00200.png,accept
/datasets/dense/SeeingThroughFogCompressedExtracted/cam_stereo_left_lut/2018-10-29_14-35-02_00850.png,accept
/datasets/dense/SeeingThroughFogCompressedExtracted/cam_stereo_left_lut/2018-12-21_16-53-42_01800.png,accept
/datasets/dense/SeeingThroughFogCompressedExtracted/cam_stereo_left_lut/2018-02-05_13-57-48_00120.png,reject
/datasets/dense/SeeingThroughFogCompressedExtracted/cam_stereo_left_lut/2018-02-03_21-38-49_00000.png,reject
/datasets/dense/SeeingThroughFogCompressedExtracted/cam_stereo_left_lut/2019-01-09_10-18-26_01100.png,accept
/datasets/dense/SeeingThroughFogCompressedExtracted/cam_stereo_left_lut/2018-02-03_21-36-01_00500.png,reject
/datasets/dense/SeeingThroughFogCompressedExtracted/cam_stereo_left_lut/2018-02-06_14-12-52_00500.png,reject
/datasets/dense/SeeingThroughFogCompressedExtracted/cam_stereo_left_lut/2018-12-20_15-26-55_04800.png,reject
/datasets/dense/SeeingThroughFogCompressedExtracted/cam_stereo_left_lut/2018-02-07_18-39-52_00730.png,accept
/datasets/dense/SeeingThroughFogCompressedExtracted/cam_stereo_left_lut/2019-01-08_10-22-00_00700.png,accept
/datasets/dense/SeeingThroughFogCompressedExtracted/cam_stereo_left_lut/2018-12-21_10-59-32_00000.png,accept
/datasets/dense/SeeingThroughFogCompressedExtracted/cam_stereo_left_lut/2018-02-07_12-10-36_00210.png,accept
/datasets/dense/SeeingThroughFogCompressedExtracted/cam_stereo_left_lut/2019-05-02_20-17-41_01980.png,reject
/datasets/dense/SeeingThroughFogCompressedExtracted/cam_stereo_left_lut/2018-02-07_18-21-20_00100.png,accept
/datasets/dense/SeeingThroughFogCompressedExtracted/cam_stereo_left_lut/2018-10-08_08-37-47_07000.png,accept
/datasets/dense/SeeingThroughFogCompressedExtracted/cam_stereo_left_lut/2018-02-03_21-02-09_00000.png,reject
/datasets/dense/SeeingThroughFogCompressedExtracted/cam_stereo_left_lut/2018-02-04_11-14-31_00200.png,reject
/datasets/dense/SeeingThroughFogCompressedExtracted/cam_stereo_left_lut/2018-12-20_18-32-23_01400.png,reject
/datasets/dense/SeeingThroughFogCompressedExtracted/cam_stereo_left_lut/2018-02-06_13-12-54_00100.png,reject
/datasets/dense/SeeingThroughFogCompressedExtracted/cam_stereo_left_lut/2018-02-03_21-39-20_00000.png,reject
/datasets/dense/SeeingThroughFogCompressedExtracted/cam_stereo_left_lut/2018-02-06_13-41-37_00500.png,accept
/datasets/dense/SeeingThroughFogCompressedExtracted/cam_stereo_left_lut/2018-12-20_15-26-55_00000.png,reject
/datasets/dense/SeeingThroughFogCompressedExtracted/cam_stereo_left_lut/2018-10-29_16-32-57_00300.png,accept
/datasets/dense/SeeingThroughFogCompressedExtracted/cam_stereo_left_lut/2019-01-09_10-18-26_01500.png,accept
/datasets/dense/SeeingThroughFogCompressedExtracted/cam_stereo_left_lut/2018-02-06_13-45-37_00700.png,accept
/datasets/dense/SeeingThroughFogCompressedExtracted/cam_stereo_left_lut/2019-05-02_17-47-55_01200.png,reject
/datasets/dense/SeeingThroughFogCompressedExtracted/cam_stereo_left_lut/2019-01-09_09-28-07_00200.png,accept
/datasets/dense/SeeingThroughFogCompressedExtracted/cam_stereo_left_lut/2018-10-29_15-46-53_00800.png,accept
/datasets/dense/SeeingThroughFogCompressedExtracted/cam_stereo_left_lut/2018-12-20_15-26-55_01500.png,reject
/datasets/dense/SeeingThroughFogCompressedExtracted/cam_stereo_left_lut/2018-02-06_13-00-47_00200.png,reject
/datasets/dense/SeeingThroughFogCompressedExtracted/cam_stereo_left_lut/2018-10-08_08-10-40_02750.png,accept
/datasets/dense/SeeingThroughFogCompressedExtracted/cam_stereo_left_lut/2018-02-11_15-37-17_00800.png,accept
/datasets/dense/SeeingThroughFogCompressedExtracted/cam_stereo_left_lut/2018-02-07_12-10-36_00200.png,accept
/datasets/dense/SeeingThroughFogCompressedExtracted/cam_stereo_left_lut/2018-03-15_09-29-41_00300.png,accept
/datasets/dense/SeeingThroughFogCompressedExtracted/cam_stereo_left_lut/2018-12-21_17-08-15_00400.png,reject
/datasets/dense/SeeingThroughFogCompressedExtracted/cam_stereo_left_lut/2018-02-06_16-12-25_00100.png,reject
/datasets/dense/SeeingThroughFogCompressedExtracted/cam_stereo_left_lut/2018-02-06_13-59-20_00500.png,reject
/datasets/dense/SeeingThroughFogCompressedExtracted/cam_stereo_left_lut/2018-12-20_16-00-05_00100.png,reject
/datasets/dense/SeeingThroughFogCompressedExtracted/cam_stereo_left_lut/2018-10-08_08-50-46_00900.png,accept
/datasets/dense/SeeingThroughFogCompressedExtracted/cam_stereo_left_lut/2018-02-06_15-53-33_00700.png,reject
/datasets/dense/SeeingThroughFogCompressedExtracted/cam_stereo_left_lut/2018-02-08_17-47-02_00020.png,reject
/datasets/dense/SeeingThroughFogCompressedExtracted/cam_stereo_left_lut/2018-10-29_16-18-47_04900.png,accept
/datasets/dense/SeeingThroughFogCompressedExtracted/cam_stereo_left_lut/2019-01-09_10-18-26_00900.png,accept
/datasets/dense/SeeingThroughFogCompressedExtracted/cam_stereo_left_lut/2019-01-09_09-34-13_01600.png,accept
/datasets/dense/SeeingThroughFogCompressedExtracted/cam_stereo_left_lut/2018-12-21_10-52-52_01800.png,accept
/datasets/dense/SeeingThroughFogCompressedExtracted/cam_stereo_left_lut/2018-12-18_10-46-36_00200.png,accept
/datasets/dense/SeeingThroughFogCompressedExtracted/cam_stereo_left_lut/2018-10-08_08-50-46_00500.png,accept
/datasets/dense/SeeingThroughFogCompressedExtracted/cam_stereo_left_lut/2019-05-02_18-23-45_00060.png,reject
/datasets/dense/SeeingThroughFogCompressedExtracted/cam_stereo_left_lut/2018-12-20_14-29-47_00100.png,reject
/datasets/dense/SeeingThroughFogCompressedExtracted/cam_stereo_left_lut/2019-05-02_20-17-41_01050.png,reject
/datasets/dense/SeeingThroughFogCompressedExtracted/cam_stereo_left_lut/2018-02-04_11-20-41_00200.png,reject
/datasets/dense/SeeingThroughFogCompressedExtracted/cam_stereo_left_lut/2018-02-06_14-15-08_00500.png,reject
/datasets/dense/SeeingThroughFogCompressedExtracted/cam_stereo_left_lut/2018-02-07_18-39-52_00680.png,reject
/datasets/dense/SeeingThroughFogCompressedExtracted/cam_stereo_left_lut/2018-02-06_14-20-36_00300.png,accept
/datasets/dense/SeeingThroughFogCompressedExtracted/cam_stereo_left_lut/2018-02-07_18-29-01_00200.png,reject
/datasets/dense/SeeingThroughFogCompressedExtracted/cam_stereo_left_lut/2018-02-08_17-47-02_00010.png,reject
/datasets/dense/SeeingThroughFogCompressedExtracted/cam_stereo_left_lut/2018-10-29_15-46-53_01000.png,accept
/datasets/dense/SeeingThroughFogCompressedExtracted/cam_stereo_left_lut/2018-10-08_08-18-59_00750.png,accept
/datasets/dense/SeeingThroughFogCompressedExtracted/cam_stereo_left_lut/2018-12-17_06-30-54_08700.png,accept
/datasets/dense/SeeingThroughFogCompressedExtracted/cam_stereo_left_lut/2018-02-11_15-25-56_00100.png,accept
/datasets/dense/SeeingThroughFogCompressedExtracted/cam_stereo_left_lut/2018-12-20_15-04-24_02900.png,reject
/datasets/dense/SeeingThroughFogCompressedExtracted/cam_stereo_left_lut/2018-12-20_15-26-55_00600.png,reject
/datasets/dense/SeeingThroughFogCompressedExtracted/cam_stereo_left_lut/2018-10-08_08-18-59_01000.png,accept
/datasets/dense/SeeingThroughFogCompressedExtracted/cam_stereo_left_lut/2018-02-03_21-04-52_00100.png,accept
/datasets/dense/SeeingThroughFogCompressedExtracted/cam_stereo_left_lut/2018-10-08_08-37-47_00400.png,accept
/datasets/dense/SeeingThroughFogCompressedExtracted/cam_stereo_left_lut/2018-02-04_12-42-39_00000.png,accept
/datasets/dense/SeeingThroughFogCompressedExtracted/cam_stereo_left_lut/2018-02-06_13-36-26_01200.png,accept
/datasets/dense/SeeingThroughFogCompressedExtracted/cam_stereo_left_lut/2018-02-06_13-34-24_00600.png,accept
/datasets/dense/SeeingThroughFogCompressedExtracted/cam_stereo_left_lut/2018-10-29_16-18-47_02800.png,accept
/datasets/dense/SeeingThroughFogCompressedExtracted/cam_stereo_left_lut/2018-02-06_13-52-45_00000.png,accept
/datasets/dense/SeeingThroughFogCompressedExtracted/cam_stereo_left_lut/2018-02-03_20-49-38_00100.png,reject
/datasets/dense/SeeingThroughFogCompressedExtracted/cam_stereo_left_lut/2018-12-20_15-41-06_00200.png,reject
/datasets/dense/SeeingThroughFogCompressedExtracted/cam_stereo_left_lut/2018-02-06_15-48-12_00000.png,accept
/datasets/dense/SeeingThroughFogCompressedExtracted/cam_stereo_left_lut/2018-02-06_14-25-04_00100.png,reject
/datasets/dense/SeeingThroughFogCompressedExtracted/cam_stereo_left_lut/2018-02-06_12-51-58_00300.png,reject
/datasets/dense/SeeingThroughFogCompressedExtracted/cam_stereo_left_lut/2018-03-15_09-42-29_01000.png,accept
/datasets/dense/SeeingThroughFogCompressedExtracted/cam_stereo_left_lut/2018-12-16_12-31-35_00000.png,accept
/datasets/dense/SeeingThroughFogCompressedExtracted/cam_stereo_left_lut/2018-02-06_14-28-37_01000.png,accept
/datasets/dense/SeeingThroughFogCompressedExtracted/cam_stereo_left_lut/2018-10-08_08-27-03_05900.png,accept
/datasets/dense/SeeingThroughFogCompressedExtracted/cam_stereo_left_lut/2018-02-06_14-27-02_00000.png,accept
/datasets/dense/SeeingThroughFogCompressedExtracted/cam_stereo_left_lut/2019-01-09_10-01-04_00900.png,accept
/datasets/dense/SeeingThroughFogCompressedExtracted/cam_stereo_left_lut/2018-02-04_11-30-26_00200.png,reject
/datasets/dense/SeeingThroughFogCompressedExtracted/cam_stereo_left_lut/2018-12-20_17-15-28_00100.png,reject
/datasets/dense/SeeingThroughFogCompressedExtracted/cam_stereo_left_lut/2018-02-06_13-43-34_00300.png,reject
/datasets/dense/SeeingThroughFogCompressedExtracted/cam_stereo_left_lut/2018-12-20_15-55-01_00200.png,reject
/datasets/dense/SeeingThroughFogCompressedExtracted/cam_stereo_left_lut/2018-02-06_14-21-49_00000.png,accept
/datasets/dense/SeeingThroughFogCompressedExtracted/cam_stereo_left_lut/2018-02-06_13-34-24_00300.png,reject
/datasets/dense/SeeingThroughFogCompressedExtracted/cam_stereo_left_lut/2018-02-06_13-00-47_00100.png,reject
/datasets/dense/SeeingThroughFogCompressedExtracted/cam_stereo_left_lut/2018-03-15_09-25-52_00200.png,reject
/datasets/dense/SeeingThroughFogCompressedExtracted/cam_stereo_left_lut/2018-02-06_14-11-19_00300.png,reject
/datasets/dense/SeeingThroughFogCompressedExtracted/cam_stereo_left_lut/2018-10-08_08-18-59_03100.png,accept
/datasets/dense/SeeingThroughFogCompressedExtracted/cam_stereo_left_lut/2018-02-06_15-46-31_00000.png,reject
/datasets/dense/SeeingThroughFogCompressedExtracted/cam_stereo_left_lut/2018-02-04_11-14-31_00000.png,reject
/datasets/dense/SeeingThroughFogCompressedExtracted/cam_stereo_left_lut/2018-02-04_11-23-28_00000.png,reject
/datasets/dense/SeeingThroughFogCompressedExtracted/cam_stereo_left_lut/2018-02-06_14-12-52_00900.png,reject
/datasets/dense/SeeingThroughFogCompressedExtracted/cam_stereo_left_lut/2018-02-04_11-25-44_00100.png,reject
/datasets/dense/SeeingThroughFogCompressedExtracted/cam_stereo_left_lut/2018-12-20_15-19-07_01200.png,reject
/datasets/dense/SeeingThroughFogCompressedExtracted/cam_stereo_left_lut/2018-12-20_16-04-42_00800.png,accept
/datasets/dense/SeeingThroughFogCompressedExtracted/cam_stereo_left_lut/2018-02-06_13-56-09_00500.png,accept
/datasets/dense/SeeingThroughFogCompressedExtracted/cam_stereo_left_lut/2018-10-29_14-50-14_03400.png,accept
/datasets/dense/SeeingThroughFogCompressedExtracted/cam_stereo_left_lut/2018-02-04_11-14-31_00300.png,reject
/datasets/dense/SeeingThroughFogCompressedExtracted/cam_stereo_left_lut/2018-02-06_13-52-45_00200.png,reject
/datasets/dense/SeeingThroughFogCompressedExtracted/cam_stereo_left_lut/2018-12-20_15-25-19_00000.png,reject
/datasets/dense/SeeingThroughFogCompressedExtracted/cam_stereo_left_lut/2018-02-06_14-25-51_00100.png,reject
/datasets/dense/SeeingThroughFogCompressedExtracted/cam_stereo_left_lut/2018-02-03_21-06-32_00000.png,reject
/datasets/dense/SeeingThroughFogCompressedExtracted/cam_stereo_left_lut/2018-02-06_14-02-53_00100.png,reject
/datasets/dense/SeeingThroughFogCompressedExtracted/cam_stereo_left_lut/2018-10-29_15-46-53_00100.png,reject
/datasets/dense/SeeingThroughFogCompressedExtracted/cam_stereo_left_lut/2018-02-06_15-46-31_00200.png,reject
/datasets/dense/SeeingThroughFogCompressedExtracted/cam_stereo_left_lut/2018-10-29_14-50-14_03000.png,accept
/datasets/dense/SeeingThroughFogCompressedExtracted/cam_stereo_left_lut/2018-02-06_14-11-19_00000.png,reject
/datasets/dense/SeeingThroughFogCompressedExtracted/cam_stereo_left_lut/2019-01-09_10-07-47_02000.png,accept
/datasets/dense/SeeingThroughFogCompressedExtracted/cam_stereo_left_lut/2018-02-06_13-59-20_00700.png,accept
/datasets/dense/SeeingThroughFogCompressedExtracted/cam_stereo_left_lut/2018-12-20_16-04-42_00300.png,reject
/datasets/dense/SeeingThroughFogCompressedExtracted/cam_stereo_left_lut/2018-12-20_15-46-51_00000.png,reject
/datasets/dense/SeeingThroughFogCompressedExtracted/cam_stereo_left_lut/2018-02-07_18-30-24_00100.png,reject
/datasets/dense/SeeingThroughFogCompressedExtracted/cam_stereo_left_lut/2018-12-20_16-03-50_00300.png,reject
/datasets/dense/SeeingThroughFogCompressedExtracted/cam_stereo_left_lut/2018-02-06_13-36-26_00300.png,reject
/datasets/dense/SeeingThroughFogCompressedExtracted/cam_stereo_left_lut/2018-02-07_18-30-24_00200.png,accept
/datasets/dense/SeeingThroughFogCompressedExtracted/cam_stereo_left_lut/2018-10-08_08-18-59_00550.png,accept
/datasets/dense/SeeingThroughFogCompressedExtracted/cam_stereo_left_lut/2018-02-06_14-04-37_00600.png,accept
/datasets/dense/SeeingThroughFogCompressedExtracted/cam_stereo_left_lut/2018-02-06_14-04-37_00600.png,accept
